[2m2025-06-25T03:47:51.735361Z[0m [31mERROR[0m [2mglazewm[0m[2m:[0m Another instance of the application is already running.
[2m2025-06-25T06:44:52.894121Z[0m [31mERROR[0m [2mglazewm[0m[2m:[0m Failed to send response: channel closed
[2m2025-06-25T06:44:52.937682Z[0m [31mERROR[0m [2mglazewm[0m[2m:[0m Failed to send response: channel closed
[2m2025-06-25T06:44:52.939153Z[0m [31mERROR[0m [2mglazewm[0m[2m:[0m Failed to send response: channel closed
[2m2025-06-25T06:44:52.939507Z[0m [31mERROR[0m [2mglazewm[0m[2m:[0m Failed to send response: channel closed
[2m2025-06-25T06:44:52.941665Z[0m [31mERROR[0m [2mglazewm[0m[2m:[0m Failed to send response: channel closed
[2m2025-06-25T06:44:52.942584Z[0m [31mERROR[0m [2mglazewm[0m[2m:[0m Failed to send response: channel closed
[2m2025-06-25T06:44:52.943928Z[0m [31mERROR[0m [2mglazewm[0m[2m:[0m Failed to send response: channel closed
[2m2025-06-25T06:44:52.944119Z[0m [31mERROR[0m [2mglazewm[0m[2m:[0m Failed to send response: channel closed
[2m2025-06-25T06:44:52.944281Z[0m [31mERROR[0m [2mglazewm[0m[2m:[0m Failed to send response: channel closed
[2m2025-06-25T06:44:52.944433Z[0m [31mERROR[0m [2mglazewm[0m[2m:[0m Failed to send response: channel closed
[2m2025-06-25T06:44:53.003103Z[0m [31mERROR[0m [2mglazewm[0m[2m:[0m Failed to send response: channel closed
[2m2025-06-25T06:44:53.003433Z[0m [31mERROR[0m [2mglazewm[0m[2m:[0m Failed to send response: channel closed
[2m2025-06-27T06:34:12.559085Z[0m [31mERROR[0m [2mglazewm[0m[2m:[0m Failed to send response: channel closed
[2m2025-06-27T06:34:12.562023Z[0m [31mERROR[0m [2mglazewm[0m[2m:[0m Failed to send response: channel closed
[2m2025-06-27T06:34:12.563587Z[0m [31mERROR[0m [2mglazewm[0m[2m:[0m Failed to send response: channel closed
[2m2025-06-30T21:58:05.149320Z[0m [31mERROR[0m [2mglazewm[0m[2m:[0m duplicate field `workspaces`
[2m2025-07-01T22:14:20.952683Z[0m [31mERROR[0m [2mglazewm[0m[2m:[0m No displayed workspace.
[2m2025-07-01T22:14:45.942096Z[0m [31mERROR[0m [2mglazewm[0m[2m:[0m No displayed workspace.
[2m2025-07-01T22:15:21.035593Z[0m [31mERROR[0m [2mglazewm[0m[2m:[0m No displayed workspace.
[2m2025-07-01T22:15:27.358405Z[0m [31mERROR[0m [2mglazewm[0m[2m:[0m No displayed workspace.
[2m2025-07-01T22:16:01.018643Z[0m [31mERROR[0m [2mglazewm[0m[2m:[0m No workspace is currently focused.
[2m2025-07-01T22:16:03.132411Z[0m [31mERROR[0m [2mglazewm[0m[2m:[0m No workspace.
[2m2025-07-01T22:16:04.118061Z[0m [31mERROR[0m [2mglazewm[0m[2m:[0m No workspace.
[2m2025-07-01T22:16:04.362890Z[0m [31mERROR[0m [2mglazewm[0m[2m:[0m No workspace.
[2m2025-07-01T22:16:04.995153Z[0m [31mERROR[0m [2mglazewm[0m[2m:[0m No workspace.
[2m2025-07-01T22:16:05.874877Z[0m [31mERROR[0m [2mglazewm[0m[2m:[0m No workspace.
[2m2025-07-01T22:16:06.427034Z[0m [31mERROR[0m [2mglazewm[0m[2m:[0m No workspace.
[2m2025-07-01T22:16:06.943391Z[0m [31mERROR[0m [2mglazewm[0m[2m:[0m No workspace.
[2m2025-07-01T22:16:07.428854Z[0m [31mERROR[0m [2mglazewm[0m[2m:[0m No workspace.
[2m2025-07-01T22:16:07.910341Z[0m [31mERROR[0m [2mglazewm[0m[2m:[0m No workspace.
[2m2025-07-01T22:16:08.116225Z[0m [31mERROR[0m [2mglazewm[0m[2m:[0m No workspace.
[2m2025-07-01T22:16:08.292255Z[0m [31mERROR[0m [2mglazewm[0m[2m:[0m No workspace.
[2m2025-07-01T22:16:08.478935Z[0m [31mERROR[0m [2mglazewm[0m[2m:[0m No workspace.
[2m2025-07-01T22:16:08.813370Z[0m [31mERROR[0m [2mglazewm[0m[2m:[0m No workspace.
[2m2025-07-02T08:49:28.524992Z[0m [31mERROR[0m [2mglazewm[0m[2m:[0m Failed to send response: channel closed
[2m2025-07-02T22:17:56.069759Z[0m [31mERROR[0m [2mglazewm[0m[2m:[0m No displayed workspace.
[2m2025-07-02T22:21:05.622573Z[0m [31mERROR[0m [2mglazewm[0m[2m:[0m Failed to send response: channel closed
[2m2025-07-02T22:21:05.623970Z[0m [31mERROR[0m [2mglazewm[0m[2m:[0m Failed to send response: channel closed
[2m2025-07-02T22:21:05.624315Z[0m [31mERROR[0m [2mglazewm[0m[2m:[0m Failed to send response: channel closed
[2m2025-07-03T21:06:24.075249Z[0m [31mERROR[0m [2mglazewm[0m[2m:[0m No displayed workspace.
[2m2025-07-03T21:19:09.577897Z[0m [31mERROR[0m [2mglazewm[0m[2m:[0m No displayed workspace.
[2m2025-07-03T21:19:11.467989Z[0m [31mERROR[0m [2mglazewm[0m[2m:[0m No Workspace
[2m2025-07-03T21:19:12.305763Z[0m [31mERROR[0m [2mglazewm[0m[2m:[0m No Workspace
[2m2025-07-06T21:57:44.823751Z[0m [31mERROR[0m [2mglazewm[0m[2m:[0m No displayed workspace.
[2m2025-07-06T22:02:51.529171Z[0m [31mERROR[0m [2mglazewm[0m[2m:[0m No displayed workspace.
[2m2025-07-06T22:02:52.494057Z[0m [31mERROR[0m [2mglazewm[0m[2m:[0m No Workspace
[2m2025-07-07T22:45:13.259258Z[0m [31mERROR[0m [2mglazewm[0m[2m:[0m No displayed workspace.
[2m2025-07-07T22:46:21.728665Z[0m [31mERROR[0m [2mglazewm[0m[2m:[0m No displayed workspace.
[2m2025-07-07T22:46:31.626612Z[0m [31mERROR[0m [2mglazewm[0m[2m:[0m No workspace.
[2m2025-07-07T22:46:33.695933Z[0m [31mERROR[0m [2mglazewm[0m[2m:[0m No workspace.
[2m2025-07-07T22:46:40.141717Z[0m [31mERROR[0m [2mglazewm[0m[2m:[0m No workspace.
[2m2025-07-07T22:46:41.659483Z[0m [31mERROR[0m [2mglazewm[0m[2m:[0m No workspace.
[2m2025-07-07T22:46:42.404093Z[0m [31mERROR[0m [2mglazewm[0m[2m:[0m No workspace.
[2m2025-07-07T22:46:43.125878Z[0m [31mERROR[0m [2mglazewm[0m[2m:[0m No workspace.
[2m2025-07-07T22:46:43.830907Z[0m [31mERROR[0m [2mglazewm[0m[2m:[0m No workspace.
[2m2025-07-07T22:46:45.040575Z[0m [31mERROR[0m [2mglazewm[0m[2m:[0m No workspace.
[2m2025-07-07T22:46:45.798350Z[0m [31mERROR[0m [2mglazewm[0m[2m:[0m No workspace.
[2m2025-07-07T22:46:46.497663Z[0m [31mERROR[0m [2mglazewm[0m[2m:[0m No workspace.
[2m2025-07-07T22:46:47.185325Z[0m [31mERROR[0m [2mglazewm[0m[2m:[0m No workspace.
[2m2025-07-07T22:46:47.897377Z[0m [31mERROR[0m [2mglazewm[0m[2m:[0m No workspace.
[2m2025-07-07T22:46:48.518506Z[0m [31mERROR[0m [2mglazewm[0m[2m:[0m No workspace.
[2m2025-07-07T22:46:49.121526Z[0m [31mERROR[0m [2mglazewm[0m[2m:[0m No workspace.
[2m2025-07-07T22:46:49.829378Z[0m [31mERROR[0m [2mglazewm[0m[2m:[0m No workspace.
[2m2025-07-07T22:47:08.116732Z[0m [31mERROR[0m [2mglazewm[0m[2m:[0m No workspace.
[2m2025-07-08T07:04:43.144892Z[0m [31mERROR[0m [2mglazewm[0m[2m:[0m No displayed workspace.
[2m2025-07-08T07:05:57.239947Z[0m [31mERROR[0m [2mglazewm[0m[2m:[0m No displayed workspace.
[2m2025-07-08T07:05:58.585915Z[0m [31mERROR[0m [2mglazewm[0m[2m:[0m No Workspace
[2m2025-07-08T07:06:00.151158Z[0m [31mERROR[0m [2mglazewm[0m[2m:[0m No Workspace
[2m2025-07-08T07:06:00.880765Z[0m [31mERROR[0m [2mglazewm[0m[2m:[0m No Workspace
[2m2025-07-08T07:06:01.549155Z[0m [31mERROR[0m [2mglazewm[0m[2m:[0m No Workspace
[2m2025-07-08T07:06:02.198457Z[0m [31mERROR[0m [2mglazewm[0m[2m:[0m No Workspace
[2m2025-07-08T07:06:02.806981Z[0m [31mERROR[0m [2mglazewm[0m[2m:[0m No Workspace
[2m2025-07-08T07:06:03.405276Z[0m [31mERROR[0m [2mglazewm[0m[2m:[0m No Workspace
[2m2025-07-08T07:06:03.981361Z[0m [31mERROR[0m [2mglazewm[0m[2m:[0m No Workspace
[2m2025-07-08T07:06:04.612394Z[0m [31mERROR[0m [2mglazewm[0m[2m:[0m No Workspace
[2m2025-07-08T07:06:05.077341Z[0m [31mERROR[0m [2mglazewm[0m[2m:[0m No Workspace
[2m2025-07-08T07:06:07.420098Z[0m [31mERROR[0m [2mglazewm[0m[2m:[0m No Workspace
[2m2025-07-08T07:06:19.804577Z[0m [31mERROR[0m [2mglazewm[0m[2m:[0m No displayed workspace.
[2m2025-07-08T07:06:22.692348Z[0m [31mERROR[0m [2mglazewm[0m[2m:[0m No displayed workspace.
[2m2025-07-08T07:06:51.514994Z[0m [31mERROR[0m [2mglazewm[0m[2m:[0m No workspace.
[2m2025-07-08T07:06:53.316472Z[0m [31mERROR[0m [2mglazewm[0m[2m:[0m No workspace.
[2m2025-07-08T07:06:54.125458Z[0m [31mERROR[0m [2mglazewm[0m[2m:[0m No workspace.
[2m2025-07-08T07:06:54.781890Z[0m [31mERROR[0m [2mglazewm[0m[2m:[0m No workspace.
[2m2025-07-08T07:06:55.459468Z[0m [31mERROR[0m [2mglazewm[0m[2m:[0m No workspace.
[2m2025-07-08T07:06:56.054625Z[0m [31mERROR[0m [2mglazewm[0m[2m:[0m No workspace.
[2m2025-07-08T07:06:56.716828Z[0m [31mERROR[0m [2mglazewm[0m[2m:[0m No workspace.
[2m2025-07-08T07:06:57.337776Z[0m [31mERROR[0m [2mglazewm[0m[2m:[0m No workspace.
[2m2025-07-08T07:06:57.953614Z[0m [31mERROR[0m [2mglazewm[0m[2m:[0m No workspace.
[2m2025-07-08T07:06:58.520038Z[0m [31mERROR[0m [2mglazewm[0m[2m:[0m No workspace.
[2m2025-07-08T07:06:59.167109Z[0m [31mERROR[0m [2mglazewm[0m[2m:[0m No workspace.
[2m2025-07-08T07:06:59.740146Z[0m [31mERROR[0m [2mglazewm[0m[2m:[0m No workspace.
[2m2025-07-08T07:07:00.408818Z[0m [31mERROR[0m [2mglazewm[0m[2m:[0m No workspace.
[2m2025-07-08T07:07:01.140406Z[0m [31mERROR[0m [2mglazewm[0m[2m:[0m No workspace.
[2m2025-07-08T07:07:01.815599Z[0m [31mERROR[0m [2mglazewm[0m[2m:[0m No workspace.
[2m2025-07-08T07:07:02.483685Z[0m [31mERROR[0m [2mglazewm[0m[2m:[0m No workspace.
[2m2025-07-08T07:07:03.125801Z[0m [31mERROR[0m [2mglazewm[0m[2m:[0m No workspace.
[2m2025-07-08T07:07:03.749902Z[0m [31mERROR[0m [2mglazewm[0m[2m:[0m No workspace.
[2m2025-07-08T07:07:04.421684Z[0m [31mERROR[0m [2mglazewm[0m[2m:[0m No workspace.
[2m2025-07-08T07:07:05.043698Z[0m [31mERROR[0m [2mglazewm[0m[2m:[0m No workspace.
[2m2025-07-08T07:07:05.704654Z[0m [31mERROR[0m [2mglazewm[0m[2m:[0m No workspace.
[2m2025-07-08T07:07:06.424692Z[0m [31mERROR[0m [2mglazewm[0m[2m:[0m No workspace.
[2m2025-07-08T07:07:07.063889Z[0m [31mERROR[0m [2mglazewm[0m[2m:[0m No workspace.
[2m2025-07-08T07:07:07.902286Z[0m [31mERROR[0m [2mglazewm[0m[2m:[0m No workspace.
[2m2025-07-08T07:07:08.570468Z[0m [31mERROR[0m [2mglazewm[0m[2m:[0m No workspace.
[2m2025-07-08T07:07:09.813611Z[0m [31mERROR[0m [2mglazewm[0m[2m:[0m No workspace.
[2m2025-07-08T07:07:10.345231Z[0m [31mERROR[0m [2mglazewm[0m[2m:[0m No workspace.
[2m2025-07-08T07:07:11.064116Z[0m [31mERROR[0m [2mglazewm[0m[2m:[0m No workspace.
[2m2025-07-08T07:07:11.702229Z[0m [31mERROR[0m [2mglazewm[0m[2m:[0m No workspace.
[2m2025-07-08T07:07:12.331068Z[0m [31mERROR[0m [2mglazewm[0m[2m:[0m No workspace.
[2m2025-07-08T07:07:12.935153Z[0m [31mERROR[0m [2mglazewm[0m[2m:[0m No workspace.
[2m2025-07-08T07:07:13.704966Z[0m [31mERROR[0m [2mglazewm[0m[2m:[0m No workspace.
[2m2025-07-08T07:07:14.264514Z[0m [31mERROR[0m [2mglazewm[0m[2m:[0m No workspace.
[2m2025-07-08T07:07:14.812978Z[0m [31mERROR[0m [2mglazewm[0m[2m:[0m No workspace.
[2m2025-07-08T07:07:15.372239Z[0m [31mERROR[0m [2mglazewm[0m[2m:[0m No workspace.
[2m2025-07-08T07:07:15.929200Z[0m [31mERROR[0m [2mglazewm[0m[2m:[0m No workspace.
[2m2025-07-08T07:07:16.481470Z[0m [31mERROR[0m [2mglazewm[0m[2m:[0m No workspace.
[2m2025-07-08T07:07:17.077081Z[0m [31mERROR[0m [2mglazewm[0m[2m:[0m No workspace.
[2m2025-07-08T07:07:17.637143Z[0m [31mERROR[0m [2mglazewm[0m[2m:[0m No workspace.
[2m2025-07-08T07:07:18.179811Z[0m [31mERROR[0m [2mglazewm[0m[2m:[0m No workspace.
[2m2025-07-08T07:07:19.099602Z[0m [31mERROR[0m [2mglazewm[0m[2m:[0m No workspace.
[2m2025-07-08T07:07:26.179230Z[0m [31mERROR[0m [2mglazewm[0m[2m:[0m No workspace.
[2m2025-07-08T07:07:28.128090Z[0m [31mERROR[0m [2mglazewm[0m[2m:[0m No workspace.
[2m2025-07-08T22:24:40.361976Z[0m [31mERROR[0m [2mglazewm[0m[2m:[0m No displayed workspace.
[2m2025-07-09T22:24:10.931582Z[0m [31mERROR[0m [2mglazewm[0m[2m:[0m No displayed workspace.
[2m2025-07-09T22:31:46.770876Z[0m [31mERROR[0m [2mglazewm[0m[2m:[0m No displayed workspace.
[2m2025-07-10T07:13:36.231525Z[0m [31mERROR[0m [2mglazewm[0m[2m:[0m Failed to send response: channel closed
[2m2025-07-10T07:13:36.963904Z[0m [31mERROR[0m [2mglazewm[0m[2m:[0m Failed to send response: channel closed
[2m2025-07-10T07:13:36.964257Z[0m [31mERROR[0m [2mglazewm[0m[2m:[0m Failed to send response: channel closed
[2m2025-07-10T07:13:39.230385Z[0m [31mERROR[0m [2mglazewm[0m[2m:[0m Failed to send response: channel closed
[2m2025-07-10T07:13:39.232392Z[0m [31mERROR[0m [2mglazewm[0m[2m:[0m Failed to send response: channel closed
[2m2025-07-10T07:13:39.240591Z[0m [31mERROR[0m [2mglazewm[0m[2m:[0m Failed to send response: channel closed
[2m2025-07-13T22:17:55.300300Z[0m [31mERROR[0m [2mglazewm[0m[2m:[0m No displayed workspace.
[2m2025-07-13T22:25:39.767773Z[0m [31mERROR[0m [2mglazewm[0m[2m:[0m Failed to send response: channel closed
[2m2025-07-13T22:25:39.768157Z[0m [31mERROR[0m [2mglazewm[0m[2m:[0m Failed to send response: channel closed
[2m2025-07-13T22:25:39.768229Z[0m [31mERROR[0m [2mglazewm[0m[2m:[0m Failed to send response: channel closed
[2m2025-07-13T22:57:43.591053Z[0m [31mERROR[0m [2mglazewm[0m[2m:[0m No displayed workspace.
[2m2025-07-13T22:57:54.568838Z[0m [31mERROR[0m [2mglazewm[0m[2m:[0m Failed to send response: channel closed
[2m2025-07-13T22:57:54.575940Z[0m [31mERROR[0m [2mglazewm[0m[2m:[0m No displayed workspace.
[2m2025-07-13T22:57:55.215033Z[0m [31mERROR[0m [2mglazewm[0m[2m:[0m No Workspace
[2m2025-07-14T07:15:56.370978Z[0m [31mERROR[0m [2mglazewm[0m[2m:[0m Failed to send response: channel closed
[2m2025-07-14T07:15:56.371455Z[0m [31mERROR[0m [2mglazewm[0m[2m:[0m Failed to send response: channel closed
[2m2025-07-14T07:15:56.372984Z[0m [31mERROR[0m [2mglazewm[0m[2m:[0m Failed to send response: channel closed
[2m2025-07-14T07:15:56.374640Z[0m [31mERROR[0m [2mglazewm[0m[2m:[0m Failed to send response: channel closed
[2m2025-07-14T07:15:56.378922Z[0m [31mERROR[0m [2mglazewm[0m[2m:[0m Failed to send response: channel closed
[2m2025-07-14T07:15:56.380511Z[0m [31mERROR[0m [2mglazewm[0m[2m:[0m Failed to send response: channel closed
[2m2025-07-14T07:15:56.438861Z[0m [31mERROR[0m [2mglazewm[0m[2m:[0m Failed to send response: channel closed
[2m2025-07-14T07:15:56.439369Z[0m [31mERROR[0m [2mglazewm[0m[2m:[0m Failed to send response: channel closed
[2m2025-07-14T07:15:56.440026Z[0m [31mERROR[0m [2mglazewm[0m[2m:[0m Failed to send response: channel closed
[2m2025-07-14T22:29:09.831465Z[0m [31mERROR[0m [2mglazewm[0m[2m:[0m No displayed workspace.
[2m2025-07-14T22:29:39.084558Z[0m [31mERROR[0m [2mglazewm[0m[2m:[0m No displayed workspace.
[2m2025-07-14T22:29:39.641912Z[0m [31mERROR[0m [2mglazewm[0m[2m:[0m No Workspace
[2m2025-07-14T22:29:40.681906Z[0m [31mERROR[0m [2mglazewm[0m[2m:[0m No Workspace
[2m2025-07-15T22:37:09.679706Z[0m [31mERROR[0m [2mglazewm[0m[2m:[0m No displayed workspace.
[2m2025-07-15T22:45:50.901942Z[0m [31mERROR[0m [2mglazewm[0m[2m:[0m Failed to send response: channel closed
[2m2025-07-15T22:45:50.902332Z[0m [31mERROR[0m [2mglazewm[0m[2m:[0m Failed to send response: channel closed
[2m2025-07-15T22:45:50.902725Z[0m [31mERROR[0m [2mglazewm[0m[2m:[0m Failed to send response: channel closed
[2m2025-07-15T22:45:50.925477Z[0m [31mERROR[0m [2mglazewm[0m[2m:[0m No displayed workspace.
[2m2025-07-16T08:02:49.510804Z[0m [31mERROR[0m [2mglazewm[0m[2m:[0m Failed to send response: channel closed
[2m2025-07-16T08:02:49.560685Z[0m [31mERROR[0m [2mglazewm[0m[2m:[0m Failed to send response: channel closed
[2m2025-07-16T22:21:33.643260Z[0m [31mERROR[0m [2mglazewm[0m[2m:[0m No displayed workspace.
[2m2025-07-16T22:24:20.275714Z[0m [31mERROR[0m [2mglazewm[0m[2m:[0m No displayed workspace.
[2m2025-07-16T22:24:22.879362Z[0m [31mERROR[0m [2mglazewm[0m[2m:[0m No workspace.
[2m2025-07-16T22:24:29.175593Z[0m [31mERROR[0m [2mglazewm[0m[2m:[0m No workspace.
[2m2025-07-16T22:24:29.960504Z[0m [31mERROR[0m [2mglazewm[0m[2m:[0m No workspace.
[2m2025-07-17T07:24:30.924796Z[0m [31mERROR[0m [2mglazewm[0m[2m:[0m Failed to send response: channel closed
[2m2025-07-17T07:24:30.925860Z[0m [31mERROR[0m [2mglazewm[0m[2m:[0m Failed to send response: channel closed
[2m2025-07-17T07:24:30.926051Z[0m [31mERROR[0m [2mglazewm[0m[2m:[0m Failed to send response: channel closed
[2m2025-07-17T07:24:30.927023Z[0m [31mERROR[0m [2mglazewm[0m[2m:[0m Failed to send response: channel closed
[2m2025-07-17T07:24:30.928524Z[0m [31mERROR[0m [2mglazewm[0m[2m:[0m Failed to send response: channel closed
[2m2025-07-17T07:24:30.928712Z[0m [31mERROR[0m [2mglazewm[0m[2m:[0m Failed to send response: channel closed
[2m2025-07-17T07:24:30.929007Z[0m [31mERROR[0m [2mglazewm[0m[2m:[0m Failed to send response: channel closed
[2m2025-07-17T07:24:30.930459Z[0m [31mERROR[0m [2mglazewm[0m[2m:[0m Failed to send response: channel closed
[2m2025-07-17T07:24:30.932717Z[0m [31mERROR[0m [2mglazewm[0m[2m:[0m Failed to send response: channel closed
[2m2025-07-17T07:24:30.932899Z[0m [31mERROR[0m [2mglazewm[0m[2m:[0m Failed to send response: channel closed
[2m2025-07-17T07:24:30.933713Z[0m [31mERROR[0m [2mglazewm[0m[2m:[0m Failed to send response: channel closed
[2m2025-07-17T07:24:30.935700Z[0m [31mERROR[0m [2mglazewm[0m[2m:[0m Failed to send response: channel closed
[2m2025-07-17T07:24:30.935887Z[0m [31mERROR[0m [2mglazewm[0m[2m:[0m Failed to send response: channel closed
[2m2025-07-17T07:24:30.936039Z[0m [31mERROR[0m [2mglazewm[0m[2m:[0m Failed to send response: channel closed
[2m2025-07-17T07:24:30.936200Z[0m [31mERROR[0m [2mglazewm[0m[2m:[0m Failed to send response: channel closed
[2m2025-07-17T07:24:30.936316Z[0m [31mERROR[0m [2mglazewm[0m[2m:[0m Failed to send response: channel closed
[2m2025-07-17T07:24:30.941031Z[0m [31mERROR[0m [2mglazewm[0m[2m:[0m Failed to send response: channel closed
[2m2025-07-17T07:24:30.953335Z[0m [31mERROR[0m [2mglazewm[0m[2m:[0m Failed to send response: channel closed
[2m2025-07-17T07:24:30.953515Z[0m [31mERROR[0m [2mglazewm[0m[2m:[0m Failed to send response: channel closed
[2m2025-07-17T07:24:30.953909Z[0m [31mERROR[0m [2mglazewm[0m[2m:[0m Failed to send response: channel closed
[2m2025-07-17T07:24:30.954409Z[0m [31mERROR[0m [2mglazewm[0m[2m:[0m Failed to send response: channel closed
[2m2025-07-17T07:24:30.954552Z[0m [31mERROR[0m [2mglazewm[0m[2m:[0m Failed to send response: channel closed
[2m2025-07-17T07:24:30.954668Z[0m [31mERROR[0m [2mglazewm[0m[2m:[0m Failed to send response: channel closed
[2m2025-07-17T07:24:30.968426Z[0m [31mERROR[0m [2mglazewm[0m[2m:[0m Failed to send response: channel closed
[2m2025-07-17T07:24:30.970824Z[0m [31mERROR[0m [2mglazewm[0m[2m:[0m Failed to send response: channel closed
[2m2025-07-17T07:24:30.983111Z[0m [31mERROR[0m [2mglazewm[0m[2m:[0m Failed to send response: channel closed
[2m2025-07-17T07:24:30.983656Z[0m [31mERROR[0m [2mglazewm[0m[2m:[0m Failed to send response: channel closed
[2m2025-07-17T07:24:30.985424Z[0m [31mERROR[0m [2mglazewm[0m[2m:[0m Failed to send response: channel closed
[2m2025-07-17T07:24:30.985627Z[0m [31mERROR[0m [2mglazewm[0m[2m:[0m Failed to send response: channel closed
[2m2025-07-17T07:24:30.985761Z[0m [31mERROR[0m [2mglazewm[0m[2m:[0m Failed to send response: channel closed
[2m2025-07-17T07:24:30.985921Z[0m [31mERROR[0m [2mglazewm[0m[2m:[0m Failed to send response: channel closed
[2m2025-07-17T07:24:31.457384Z[0m [31mERROR[0m [2mglazewm[0m[2m:[0m Failed to send response: channel closed
[2m2025-07-17T21:06:37.038966Z[0m [31mERROR[0m [2mglazewm[0m[2m:[0m No displayed workspace.
[2m2025-07-18T07:24:41.950947Z[0m [31mERROR[0m [2mglazewm[0m[2m:[0m Failed to send response: channel closed
[2m2025-07-18T07:24:41.958529Z[0m [31mERROR[0m [2mglazewm[0m[2m:[0m Failed to send response: channel closed
[2m2025-07-18T07:24:41.958671Z[0m [31mERROR[0m [2mglazewm[0m[2m:[0m Failed to send response: channel closed
[2m2025-07-18T07:24:41.972954Z[0m [31mERROR[0m [2mglazewm[0m[2m:[0m Failed to send response: channel closed
[2m2025-07-18T07:24:41.986241Z[0m [31mERROR[0m [2mglazewm[0m[2m:[0m Failed to send response: channel closed
[2m2025-07-18T07:24:42.050143Z[0m [31mERROR[0m [2mglazewm[0m[2m:[0m Failed to send response: channel closed
[2m2025-07-22T22:23:51.455700Z[0m [31mERROR[0m [2mglazewm[0m[2m:[0m No displayed workspace.
[2m2025-07-22T22:32:08.479348Z[0m [31mERROR[0m [2mglazewm[0m[2m:[0m No displayed workspace.
[2m2025-07-23T13:55:11.730651Z[0m [31mERROR[0m [2mglazewm[0m[2m:[0m Failed to send response: channel closed
[2m2025-07-23T13:55:11.731921Z[0m [31mERROR[0m [2mglazewm[0m[2m:[0m Failed to send response: channel closed
[2m2025-07-23T13:55:11.732141Z[0m [31mERROR[0m [2mglazewm[0m[2m:[0m Failed to send response: channel closed
[2m2025-07-23T22:51:33.880260Z[0m [31mERROR[0m [2mglazewm[0m[2m:[0m No displayed workspace.
[2m2025-07-23T23:05:31.522200Z[0m [31mERROR[0m [2mglazewm[0m[2m:[0m Failed to send response: channel closed
[2m2025-07-23T23:05:31.604214Z[0m [31mERROR[0m [2mglazewm[0m[2m:[0m Failed to send response: channel closed
[2m2025-07-23T23:05:31.783427Z[0m [31mERROR[0m [2mglazewm[0m[2m:[0m Failed to send response: channel closed
[2m2025-07-23T23:05:31.794750Z[0m [31mERROR[0m [2mglazewm[0m[2m:[0m Failed to send response: channel closed
[2m2025-07-23T23:05:31.796211Z[0m [31mERROR[0m [2mglazewm[0m[2m:[0m Failed to send response: channel closed
[2m2025-07-23T23:05:31.826538Z[0m [31mERROR[0m [2mglazewm[0m[2m:[0m Failed to send response: channel closed
[2m2025-07-23T23:05:32.137196Z[0m [31mERROR[0m [2mglazewm[0m[2m:[0m Failed to send response: channel closed
[2m2025-07-23T23:39:06.931138Z[0m [31mERROR[0m [2mglazewm[0m[2m:[0m No displayed workspace.
[2m2025-07-23T23:39:11.735561Z[0m [31mERROR[0m [2mglazewm[0m[2m:[0m No displayed workspace.
[2m2025-07-23T23:39:15.043602Z[0m [31mERROR[0m [2mglazewm[0m[2m:[0m No workspace.
[2m2025-07-23T23:39:15.838214Z[0m [31mERROR[0m [2mglazewm[0m[2m:[0m No workspace.
[2m2025-07-23T23:39:16.482088Z[0m [31mERROR[0m [2mglazewm[0m[2m:[0m No workspace.
[2m2025-07-23T23:39:16.961124Z[0m [31mERROR[0m [2mglazewm[0m[2m:[0m No workspace.
[2m2025-07-23T23:39:17.374426Z[0m [31mERROR[0m [2mglazewm[0m[2m:[0m No workspace.
[2m2025-07-23T23:39:17.756688Z[0m [31mERROR[0m [2mglazewm[0m[2m:[0m No workspace.
[2m2025-07-23T23:39:18.242131Z[0m [31mERROR[0m [2mglazewm[0m[2m:[0m No workspace.
[2m2025-07-23T23:39:18.620065Z[0m [31mERROR[0m [2mglazewm[0m[2m:[0m No workspace.
[2m2025-07-23T23:39:18.912472Z[0m [31mERROR[0m [2mglazewm[0m[2m:[0m No workspace.
[2m2025-07-23T23:39:19.394200Z[0m [31mERROR[0m [2mglazewm[0m[2m:[0m No workspace.
[2m2025-07-23T23:39:24.810970Z[0m [31mERROR[0m [2mglazewm[0m[2m:[0m No workspace.
[2m2025-07-23T23:39:27.418853Z[0m [31mERROR[0m [2mglazewm[0m[2m:[0m No workspace.
[2m2025-07-23T23:39:28.138577Z[0m [31mERROR[0m [2mglazewm[0m[2m:[0m No workspace.
[2m2025-07-24T00:48:30.352567Z[0m [31mERROR[0m [2mglazewm[0m[2m:[0m Failed to send response: channel closed
[2m2025-07-24T00:48:30.374232Z[0m [31mERROR[0m [2mglazewm[0m[2m:[0m Failed to send response: channel closed
[2m2025-07-24T00:48:30.374987Z[0m [31mERROR[0m [2mglazewm[0m[2m:[0m Failed to send response: channel closed
[2m2025-07-24T00:48:30.387177Z[0m [31mERROR[0m [2mglazewm[0m[2m:[0m Failed to send response: channel closed
[2m2025-07-24T00:53:46.311313Z[0m [31mERROR[0m [2mglazewm[0m[2m:[0m No displayed workspace.
[2m2025-07-24T00:53:52.045297Z[0m [31mERROR[0m [2mglazewm[0m[2m:[0m No displayed workspace.
[2m2025-07-24T00:53:56.925084Z[0m [31mERROR[0m [2mglazewm[0m[2m:[0m No displayed workspace.
[2m2025-07-24T00:53:58.567612Z[0m [31mERROR[0m [2mglazewm[0m[2m:[0m No displayed workspace.
[2m2025-07-24T21:02:19.829023Z[0m [31mERROR[0m [2mglazewm[0m[2m:[0m No displayed workspace.
[2m2025-07-24T23:32:05.596098Z[0m [31mERROR[0m [2mglazewm[0m[2m:[0m No displayed workspace.
[2m2025-07-24T23:32:44.705292Z[0m [31mERROR[0m [2mglazewm[0m[2m:[0m No displayed workspace.
[2m2025-07-27T23:04:31.352414Z[0m [31mERROR[0m [2mglazewm[0m[2m:[0m No displayed workspace.
[2m2025-07-27T23:04:54.860254Z[0m [31mERROR[0m [2mglazewm[0m[2m:[0m No displayed workspace.
[2m2025-07-27T23:15:37.532803Z[0m [31mERROR[0m [2mglazewm[0m[2m:[0m Failed to send response: channel closed
[2m2025-07-27T23:15:37.533573Z[0m [31mERROR[0m [2mglazewm[0m[2m:[0m Failed to send response: channel closed
[2m2025-07-27T23:15:37.571430Z[0m [31mERROR[0m [2mglazewm[0m[2m:[0m Failed to send response: channel closed
[2m2025-07-27T23:16:02.811047Z[0m [31mERROR[0m [2mglazewm[0m[2m:[0m No displayed workspace.
[2m2025-07-27T23:16:06.648554Z[0m [31mERROR[0m [2mglazewm[0m[2m:[0m No displayed workspace.
[2m2025-07-27T23:16:08.821410Z[0m [31mERROR[0m [2mglazewm[0m[2m:[0m No workspace.
[2m2025-07-27T23:16:12.340825Z[0m [31mERROR[0m [2mglazewm[0m[2m:[0m No workspace.
[2m2025-07-27T23:16:14.121956Z[0m [31mERROR[0m [2mglazewm[0m[2m:[0m No workspace.
[2m2025-07-28T07:37:03.714250Z[0m [31mERROR[0m [2mglazewm[0m[2m:[0m Failed to send response: channel closed
[2m2025-07-28T07:37:03.715327Z[0m [31mERROR[0m [2mglazewm[0m[2m:[0m Failed to send response: channel closed
[2m2025-07-28T07:37:03.715791Z[0m [31mERROR[0m [2mglazewm[0m[2m:[0m Failed to send response: channel closed
[2m2025-07-28T07:37:03.716096Z[0m [31mERROR[0m [2mglazewm[0m[2m:[0m Failed to send response: channel closed
[2m2025-07-28T07:37:03.718130Z[0m [31mERROR[0m [2mglazewm[0m[2m:[0m Failed to send response: channel closed
[2m2025-07-28T07:37:03.718587Z[0m [31mERROR[0m [2mglazewm[0m[2m:[0m Failed to send response: channel closed
[2m2025-07-28T07:37:06.966872Z[0m [31mERROR[0m [2mglazewm[0m[2m:[0m Failed to send response: channel closed
[2m2025-07-28T07:37:07.026513Z[0m [31mERROR[0m [2mglazewm[0m[2m:[0m Failed to send response: channel closed
[2m2025-07-28T07:37:07.044894Z[0m [31mERROR[0m [2mglazewm[0m[2m:[0m Failed to send response: channel closed
[2m2025-07-28T22:23:40.507126Z[0m [31mERROR[0m [2mglazewm[0m[2m:[0m No displayed workspace.
[2m2025-07-28T22:24:00.790342Z[0m [31mERROR[0m [2mglazewm[0m[2m:[0m No displayed workspace.
[2m2025-07-29T07:07:46.016029Z[0m [31mERROR[0m [2mglazewm[0m[2m:[0m Failed to send response: channel closed
[2m2025-07-29T07:07:46.017154Z[0m [31mERROR[0m [2mglazewm[0m[2m:[0m Failed to send response: channel closed
[2m2025-07-29T07:07:46.017403Z[0m [31mERROR[0m [2mglazewm[0m[2m:[0m Failed to send response: channel closed
[2m2025-07-29T07:07:46.018007Z[0m [31mERROR[0m [2mglazewm[0m[2m:[0m Failed to send response: channel closed
[2m2025-07-29T07:07:46.018334Z[0m [31mERROR[0m [2mglazewm[0m[2m:[0m Failed to send response: channel closed
[2m2025-07-29T07:07:46.025977Z[0m [31mERROR[0m [2mglazewm[0m[2m:[0m Failed to send response: channel closed
[2m2025-07-29T22:48:52.828983Z[0m [31mERROR[0m [2mglazewm[0m[2m:[0m No displayed workspace.
[2m2025-07-30T07:52:08.673167Z[0m [31mERROR[0m [2mglazewm[0m[2m:[0m Failed to send response: channel closed
[2m2025-07-30T07:52:08.709885Z[0m [31mERROR[0m [2mglazewm[0m[2m:[0m Failed to send response: channel closed
[2m2025-07-30T07:52:08.710068Z[0m [31mERROR[0m [2mglazewm[0m[2m:[0m Failed to send response: channel closed
[2m2025-07-30T07:52:08.710191Z[0m [31mERROR[0m [2mglazewm[0m[2m:[0m Failed to send response: channel closed
[2m2025-07-30T07:52:08.710341Z[0m [31mERROR[0m [2mglazewm[0m[2m:[0m Failed to send response: channel closed
[2m2025-07-30T07:52:08.710786Z[0m [31mERROR[0m [2mglazewm[0m[2m:[0m Failed to send response: channel closed
[2m2025-07-30T07:52:08.712286Z[0m [31mERROR[0m [2mglazewm[0m[2m:[0m Failed to send response: channel closed
[2m2025-07-30T07:52:08.743054Z[0m [31mERROR[0m [2mglazewm[0m[2m:[0m Failed to send response: channel closed
[2m2025-07-30T07:52:08.763062Z[0m [31mERROR[0m [2mglazewm[0m[2m:[0m Failed to send response: channel closed
[2m2025-07-30T07:52:08.790382Z[0m [31mERROR[0m [2mglazewm[0m[2m:[0m Failed to send response: channel closed
[2m2025-07-30T07:52:08.811435Z[0m [31mERROR[0m [2mglazewm[0m[2m:[0m Failed to send response: channel closed
[2m2025-07-30T07:52:08.811676Z[0m [31mERROR[0m [2mglazewm[0m[2m:[0m Failed to send response: channel closed
[2m2025-07-30T07:52:08.811845Z[0m [31mERROR[0m [2mglazewm[0m[2m:[0m Failed to send response: channel closed
[2m2025-07-30T07:52:08.812001Z[0m [31mERROR[0m [2mglazewm[0m[2m:[0m Failed to send response: channel closed
[2m2025-07-30T07:52:08.812149Z[0m [31mERROR[0m [2mglazewm[0m[2m:[0m Failed to send response: channel closed
[2m2025-07-30T07:52:08.812291Z[0m [31mERROR[0m [2mglazewm[0m[2m:[0m Failed to send response: channel closed
[2m2025-07-30T07:52:08.812414Z[0m [31mERROR[0m [2mglazewm[0m[2m:[0m Failed to send response: channel closed
[2m2025-07-30T07:52:08.812533Z[0m [31mERROR[0m [2mglazewm[0m[2m:[0m Failed to send response: channel closed
[2m2025-07-30T07:52:08.812667Z[0m [31mERROR[0m [2mglazewm[0m[2m:[0m Failed to send response: channel closed
[2m2025-07-30T07:52:08.812898Z[0m [31mERROR[0m [2mglazewm[0m[2m:[0m Failed to send response: channel closed
[2m2025-07-30T07:52:08.813059Z[0m [31mERROR[0m [2mglazewm[0m[2m:[0m Failed to send response: channel closed
[2m2025-07-30T07:52:08.813183Z[0m [31mERROR[0m [2mglazewm[0m[2m:[0m Failed to send response: channel closed
[2m2025-07-30T07:52:08.831147Z[0m [31mERROR[0m [2mglazewm[0m[2m:[0m Failed to send response: channel closed
[2m2025-07-30T07:52:08.843314Z[0m [31mERROR[0m [2mglazewm[0m[2m:[0m Failed to send response: channel closed
[2m2025-07-30T07:52:08.844955Z[0m [31mERROR[0m [2mglazewm[0m[2m:[0m Failed to send response: channel closed
[2m2025-07-30T07:52:08.859196Z[0m [31mERROR[0m [2mglazewm[0m[2m:[0m Failed to send response: channel closed
[2m2025-07-30T07:52:08.859663Z[0m [31mERROR[0m [2mglazewm[0m[2m:[0m Failed to send response: channel closed
[2m2025-07-30T07:52:08.859959Z[0m [31mERROR[0m [2mglazewm[0m[2m:[0m Failed to send response: channel closed
[2m2025-07-30T07:52:08.860134Z[0m [31mERROR[0m [2mglazewm[0m[2m:[0m Failed to send response: channel closed
[2m2025-07-30T07:52:08.860337Z[0m [31mERROR[0m [2mglazewm[0m[2m:[0m Failed to send response: channel closed
[2m2025-07-30T07:52:08.860487Z[0m [31mERROR[0m [2mglazewm[0m[2m:[0m Failed to send response: channel closed
[2m2025-07-30T07:52:08.860621Z[0m [31mERROR[0m [2mglazewm[0m[2m:[0m Failed to send response: channel closed
[2m2025-07-30T07:52:08.860745Z[0m [31mERROR[0m [2mglazewm[0m[2m:[0m Failed to send response: channel closed
[2m2025-07-30T07:52:08.860866Z[0m [31mERROR[0m [2mglazewm[0m[2m:[0m Failed to send response: channel closed
[2m2025-07-30T07:52:08.860998Z[0m [31mERROR[0m [2mglazewm[0m[2m:[0m Failed to send response: channel closed
[2m2025-07-30T07:52:08.861116Z[0m [31mERROR[0m [2mglazewm[0m[2m:[0m Failed to send response: channel closed
[2m2025-07-30T22:41:57.212354Z[0m [31mERROR[0m [2mglazewm[0m[2m:[0m No displayed workspace.
[2m2025-07-30T22:44:12.087007Z[0m [31mERROR[0m [2mglazewm[0m[2m:[0m Failed to send response: channel closed
[2m2025-07-30T22:44:12.087144Z[0m [31mERROR[0m [2mglazewm[0m[2m:[0m Failed to send response: channel closed
[2m2025-07-31T04:57:28.723510Z[0m [31mERROR[0m [2mglazewm[0m[2m:[0m No displayed workspace.
[2m2025-07-31T04:57:33.399366Z[0m [31mERROR[0m [2mglazewm[0m[2m:[0m No displayed workspace.
[2m2025-07-31T04:57:37.324802Z[0m [31mERROR[0m [2mglazewm[0m[2m:[0m No workspace.
[2m2025-07-31T04:57:39.049496Z[0m [31mERROR[0m [2mglazewm[0m[2m:[0m No workspace.
[2m2025-07-31T04:57:39.647247Z[0m [31mERROR[0m [2mglazewm[0m[2m:[0m No workspace.
[2m2025-07-31T04:57:40.181742Z[0m [31mERROR[0m [2mglazewm[0m[2m:[0m No workspace.
[2m2025-07-31T04:57:40.711697Z[0m [31mERROR[0m [2mglazewm[0m[2m:[0m No workspace.
[2m2025-07-31T04:57:41.241499Z[0m [31mERROR[0m [2mglazewm[0m[2m:[0m No workspace.
[2m2025-07-31T04:57:45.649836Z[0m [31mERROR[0m [2mglazewm[0m[2m:[0m No workspace.
[2m2025-07-31T04:57:46.414720Z[0m [31mERROR[0m [2mglazewm[0m[2m:[0m No workspace.
[2m2025-07-31T22:47:18.665352Z[0m [31mERROR[0m [2mglazewm[0m[2m:[0m No displayed workspace.
[2m2025-07-31T22:51:18.508548Z[0m [31mERROR[0m [2mglazewm[0m[2m:[0m No displayed workspace.
[2m2025-08-01T06:47:55.339062Z[0m [31mERROR[0m [2mglazewm[0m[2m:[0m Failed to send response: channel closed
[2m2025-08-01T06:47:55.357789Z[0m [31mERROR[0m [2mglazewm[0m[2m:[0m Failed to send response: channel closed
[2m2025-08-01T06:47:55.360051Z[0m [31mERROR[0m [2mglazewm[0m[2m:[0m Failed to send response: channel closed
[2m2025-08-01T06:47:55.360292Z[0m [31mERROR[0m [2mglazewm[0m[2m:[0m Failed to send response: channel closed
[2m2025-08-01T06:47:55.361923Z[0m [31mERROR[0m [2mglazewm[0m[2m:[0m Failed to send response: channel closed
[2m2025-08-01T06:47:55.363737Z[0m [31mERROR[0m [2mglazewm[0m[2m:[0m Failed to send response: channel closed
[2m2025-08-01T06:47:55.365097Z[0m [31mERROR[0m [2mglazewm[0m[2m:[0m Failed to send response: channel closed
[2m2025-08-01T06:47:55.365779Z[0m [31mERROR[0m [2mglazewm[0m[2m:[0m Failed to send response: channel closed
[2m2025-08-01T06:47:55.368634Z[0m [31mERROR[0m [2mglazewm[0m[2m:[0m Failed to send response: channel closed
[2m2025-08-01T06:47:55.368905Z[0m [31mERROR[0m [2mglazewm[0m[2m:[0m Failed to send response: channel closed
[2m2025-08-01T06:47:55.387739Z[0m [31mERROR[0m [2mglazewm[0m[2m:[0m Failed to send response: channel closed
[2m2025-08-01T06:47:55.388030Z[0m [31mERROR[0m [2mglazewm[0m[2m:[0m Failed to send response: channel closed
[2m2025-08-01T06:47:55.388247Z[0m [31mERROR[0m [2mglazewm[0m[2m:[0m Failed to send response: channel closed
[2m2025-08-01T06:47:55.389012Z[0m [31mERROR[0m [2mglazewm[0m[2m:[0m Failed to send response: channel closed
[2m2025-08-01T06:47:55.391418Z[0m [31mERROR[0m [2mglazewm[0m[2m:[0m Failed to send response: channel closed
[2m2025-08-01T06:47:55.401688Z[0m [31mERROR[0m [2mglazewm[0m[2m:[0m Failed to send response: channel closed
[2m2025-08-01T06:47:55.401957Z[0m [31mERROR[0m [2mglazewm[0m[2m:[0m Failed to send response: channel closed
[2m2025-08-01T06:47:55.402173Z[0m [31mERROR[0m [2mglazewm[0m[2m:[0m Failed to send response: channel closed
[2m2025-08-01T06:47:55.402375Z[0m [31mERROR[0m [2mglazewm[0m[2m:[0m Failed to send response: channel closed
[2m2025-08-01T06:47:55.472142Z[0m [31mERROR[0m [2mglazewm[0m[2m:[0m Failed to send response: channel closed
[2m2025-08-01T06:47:55.472433Z[0m [31mERROR[0m [2mglazewm[0m[2m:[0m Failed to send response: channel closed
[2m2025-08-01T06:47:55.473508Z[0m [31mERROR[0m [2mglazewm[0m[2m:[0m Failed to send response: channel closed
[2m2025-08-01T06:47:55.474880Z[0m [31mERROR[0m [2mglazewm[0m[2m:[0m Failed to send response: channel closed
[2m2025-08-01T06:47:55.475143Z[0m [31mERROR[0m [2mglazewm[0m[2m:[0m Failed to send response: channel closed
[2m2025-08-03T21:34:02.964400Z[0m [31mERROR[0m [2mglazewm[0m[2m:[0m No displayed workspace.
[2m2025-08-04T08:50:25.761824Z[0m [31mERROR[0m [2mglazewm[0m[2m:[0m Failed to send response: channel closed
[2m2025-08-04T12:14:47.091632Z[0m [31mERROR[0m [2mglazewm[0m[2m:[0m Failed to send response: channel closed
[2m2025-08-04T12:14:47.091827Z[0m [31mERROR[0m [2mglazewm[0m[2m:[0m Failed to send response: channel closed
[2m2025-08-04T12:14:47.093240Z[0m [31mERROR[0m [2mglazewm[0m[2m:[0m Failed to send response: channel closed
[2m2025-08-04T12:14:47.101659Z[0m [31mERROR[0m [2mglazewm[0m[2m:[0m Failed to send response: channel closed
[2m2025-08-04T12:14:47.154925Z[0m [31mERROR[0m [2mglazewm[0m[2m:[0m Failed to send response: channel closed
[2m2025-08-04T22:49:28.189367Z[0m [31mERROR[0m [2mglazewm[0m[2m:[0m No displayed workspace.
[2m2025-08-05T22:57:15.450756Z[0m [31mERROR[0m [2mglazewm[0m[2m:[0m No displayed workspace.
[2m2025-08-06T22:37:14.922818Z[0m [31mERROR[0m [2mglazewm[0m[2m:[0m No displayed workspace.
[2m2025-08-06T22:37:39.559031Z[0m [31mERROR[0m [2mglazewm[0m[2m:[0m No displayed workspace.
[2m2025-08-07T22:37:40.771377Z[0m [31mERROR[0m [2mglazewm[0m[2m:[0m No displayed workspace.
[2m2025-08-08T07:06:56.714098Z[0m [31mERROR[0m [2mglazewm[0m[2m:[0m Failed to send response: channel closed
[2m2025-08-08T07:06:58.597677Z[0m [31mERROR[0m [2mglazewm[0m[2m:[0m Failed to send response: channel closed
[2m2025-08-08T07:06:58.599946Z[0m [31mERROR[0m [2mglazewm[0m[2m:[0m Failed to send response: channel closed
[2m2025-08-10T22:42:47.619821Z[0m [31mERROR[0m [2mglazewm[0m[2m:[0m No displayed workspace.
[2m2025-08-11T10:40:56.594539Z[0m [31mERROR[0m [2mglazewm[0m[2m:[0m Failed to send response: channel closed
[2m2025-08-11T10:40:56.604936Z[0m [31mERROR[0m [2mglazewm[0m[2m:[0m Failed to send response: channel closed
[2m2025-08-11T10:40:56.605175Z[0m [31mERROR[0m [2mglazewm[0m[2m:[0m Failed to send response: channel closed
[2m2025-08-11T10:40:56.605400Z[0m [31mERROR[0m [2mglazewm[0m[2m:[0m Failed to send response: channel closed
[2m2025-08-11T10:40:57.003646Z[0m [31mERROR[0m [2mglazewm[0m[2m:[0m Failed to send response: channel closed
[2m2025-08-11T10:40:57.005029Z[0m [31mERROR[0m [2mglazewm[0m[2m:[0m Failed to send response: channel closed
[2m2025-08-11T22:54:48.809554Z[0m [31mERROR[0m [2mglazewm[0m[2m:[0m No displayed workspace.
[2m2025-08-12T22:54:58.312295Z[0m [31mERROR[0m [2mglazewm[0m[2m:[0m No displayed workspace.
[2m2025-08-12T22:57:09.795512Z[0m [31mERROR[0m [2mglazewm[0m[2m:[0m No displayed workspace.
[2m2025-08-13T08:52:55.422753Z[0m [31mERROR[0m [2mglazewm[0m[2m:[0m Failed to send response: channel closed
[2m2025-08-13T08:52:55.423582Z[0m [31mERROR[0m [2mglazewm[0m[2m:[0m Failed to send response: channel closed
[2m2025-08-13T08:52:55.423856Z[0m [31mERROR[0m [2mglazewm[0m[2m:[0m Failed to send response: channel closed
[2m2025-08-13T08:52:55.424009Z[0m [31mERROR[0m [2mglazewm[0m[2m:[0m Failed to send response: channel closed
[2m2025-08-13T08:52:55.424165Z[0m [31mERROR[0m [2mglazewm[0m[2m:[0m Failed to send response: channel closed
[2m2025-08-13T08:52:55.424360Z[0m [31mERROR[0m [2mglazewm[0m[2m:[0m Failed to send response: channel closed
[2m2025-08-13T08:53:02.572996Z[0m [31mERROR[0m [2mglazewm[0m[2m:[0m Failed to send response: channel closed
[2m2025-08-13T22:54:26.588116Z[0m [31mERROR[0m [2mglazewm[0m[2m:[0m No displayed workspace.
[2m2025-08-14T06:57:30.034958Z[0m [31mERROR[0m [2mglazewm[0m[2m:[0m Failed to send response: channel closed
[2m2025-08-14T06:57:30.036305Z[0m [31mERROR[0m [2mglazewm[0m[2m:[0m Failed to send response: channel closed
[2m2025-08-14T06:57:30.036911Z[0m [31mERROR[0m [2mglazewm[0m[2m:[0m Failed to send response: channel closed
[2m2025-08-14T06:57:30.037284Z[0m [31mERROR[0m [2mglazewm[0m[2m:[0m Failed to send response: channel closed
[2m2025-08-14T06:57:30.037513Z[0m [31mERROR[0m [2mglazewm[0m[2m:[0m Failed to send response: channel closed
[2m2025-08-14T06:57:30.038088Z[0m [31mERROR[0m [2mglazewm[0m[2m:[0m Failed to send response: channel closed
[2m2025-08-14T06:57:30.038269Z[0m [31mERROR[0m [2mglazewm[0m[2m:[0m Failed to send response: channel closed
[2m2025-08-14T22:48:20.777703Z[0m [31mERROR[0m [2mglazewm[0m[2m:[0m No displayed workspace.
[2m2025-08-14T22:48:41.528058Z[0m [31mERROR[0m [2mglazewm[0m[2m:[0m No displayed workspace.
[2m2025-08-15T06:56:27.801596Z[0m [31mERROR[0m [2mglazewm[0m[2m:[0m Failed to send response: channel closed
[2m2025-08-15T06:56:27.802044Z[0m [31mERROR[0m [2mglazewm[0m[2m:[0m Failed to send response: channel closed
[2m2025-08-15T06:56:27.802199Z[0m [31mERROR[0m [2mglazewm[0m[2m:[0m Failed to send response: channel closed
[2m2025-08-15T06:56:27.802332Z[0m [31mERROR[0m [2mglazewm[0m[2m:[0m Failed to send response: channel closed
[2m2025-08-15T06:56:27.802472Z[0m [31mERROR[0m [2mglazewm[0m[2m:[0m Failed to send response: channel closed
[2m2025-08-17T23:07:12.801736Z[0m [31mERROR[0m [2mglazewm[0m[2m:[0m No displayed workspace.
[2m2025-08-18T22:57:23.942500Z[0m [31mERROR[0m [2mglazewm[0m[2m:[0m No displayed workspace.
[2m2025-08-18T23:12:18.673051Z[0m [31mERROR[0m [2mglazewm[0m[2m:[0m No displayed workspace.
[2m2025-08-18T23:12:26.809594Z[0m [31mERROR[0m [2mglazewm[0m[2m:[0m No displayed workspace.
[2m2025-08-19T07:03:14.416614Z[0m [31mERROR[0m [2mglazewm[0m[2m:[0m Failed to send response: channel closed
[2m2025-08-19T07:03:14.417632Z[0m [31mERROR[0m [2mglazewm[0m[2m:[0m Failed to send response: channel closed
[2m2025-08-19T07:03:14.417851Z[0m [31mERROR[0m [2mglazewm[0m[2m:[0m Failed to send response: channel closed
[2m2025-08-19T07:03:14.418032Z[0m [31mERROR[0m [2mglazewm[0m[2m:[0m Failed to send response: channel closed
[2m2025-08-19T07:03:14.420230Z[0m [31mERROR[0m [2mglazewm[0m[2m:[0m Failed to send response: channel closed
[2m2025-08-19T07:03:14.420524Z[0m [31mERROR[0m [2mglazewm[0m[2m:[0m Failed to send response: channel closed
[2m2025-08-19T07:03:14.421385Z[0m [31mERROR[0m [2mglazewm[0m[2m:[0m Failed to send response: channel closed
[2m2025-08-19T07:03:14.421795Z[0m [31mERROR[0m [2mglazewm[0m[2m:[0m Failed to send response: channel closed
[2m2025-08-19T07:03:14.422214Z[0m [31mERROR[0m [2mglazewm[0m[2m:[0m Failed to send response: channel closed
[2m2025-08-19T07:03:14.447960Z[0m [31mERROR[0m [2mglazewm[0m[2m:[0m Failed to send response: channel closed
[2m2025-08-19T07:03:14.448721Z[0m [31mERROR[0m [2mglazewm[0m[2m:[0m Failed to send response: channel closed
[2m2025-08-19T07:03:14.449115Z[0m [31mERROR[0m [2mglazewm[0m[2m:[0m Failed to send response: channel closed
[2m2025-08-19T07:03:14.449327Z[0m [31mERROR[0m [2mglazewm[0m[2m:[0m Failed to send response: channel closed
[2m2025-08-19T07:03:14.449553Z[0m [31mERROR[0m [2mglazewm[0m[2m:[0m Failed to send response: channel closed
[2m2025-08-19T07:03:14.449744Z[0m [31mERROR[0m [2mglazewm[0m[2m:[0m Failed to send response: channel closed
[2m2025-08-19T07:03:14.449977Z[0m [31mERROR[0m [2mglazewm[0m[2m:[0m Failed to send response: channel closed
[2m2025-08-19T07:03:14.450171Z[0m [31mERROR[0m [2mglazewm[0m[2m:[0m Failed to send response: channel closed
[2m2025-08-19T07:03:14.450339Z[0m [31mERROR[0m [2mglazewm[0m[2m:[0m Failed to send response: channel closed
[2m2025-08-19T23:03:48.759234Z[0m [31mERROR[0m [2mglazewm[0m[2m:[0m No displayed workspace.
[2m2025-08-20T22:54:28.900383Z[0m [31mERROR[0m [2mglazewm[0m[2m:[0m No displayed workspace.
[2m2025-08-21T21:13:14.661336Z[0m [31mERROR[0m [2mglazewm[0m[2m:[0m No displayed workspace.
[2m2025-08-22T06:30:40.425836Z[0m [31mERROR[0m [2mglazewm[0m[2m:[0m Failed to send response: channel closed
[2m2025-08-22T06:30:40.643790Z[0m [31mERROR[0m [2mglazewm[0m[2m:[0m Failed to send response: channel closed
[2m2025-08-22T06:30:40.660807Z[0m [31mERROR[0m [2mglazewm[0m[2m:[0m Failed to send response: channel closed
[2m2025-08-22T06:30:40.661871Z[0m [31mERROR[0m [2mglazewm[0m[2m:[0m Failed to send response: channel closed
[2m2025-08-22T06:30:40.663346Z[0m [31mERROR[0m [2mglazewm[0m[2m:[0m Failed to send response: channel closed
[2m2025-08-22T06:30:40.664689Z[0m [31mERROR[0m [2mglazewm[0m[2m:[0m Failed to send response: channel closed
[2m2025-08-22T06:30:40.664836Z[0m [31mERROR[0m [2mglazewm[0m[2m:[0m Failed to send response: channel closed
[2m2025-08-22T06:30:40.665185Z[0m [31mERROR[0m [2mglazewm[0m[2m:[0m Failed to send response: channel closed
[2m2025-08-22T06:30:40.675710Z[0m [31mERROR[0m [2mglazewm[0m[2m:[0m Failed to send response: channel closed
[2m2025-08-22T06:30:40.676110Z[0m [31mERROR[0m [2mglazewm[0m[2m:[0m Failed to send response: channel closed
[2m2025-08-24T23:10:34.145104Z[0m [31mERROR[0m [2mglazewm[0m[2m:[0m No displayed workspace.
[2m2025-08-25T00:54:18.244247Z[0m [31mERROR[0m [2mglazewm[0m[2m:[0m Failed to send response: channel closed
[2m2025-08-25T00:54:18.257430Z[0m [31mERROR[0m [2mglazewm[0m[2m:[0m Failed to send response: channel closed
[2m2025-08-25T00:54:18.258480Z[0m [31mERROR[0m [2mglazewm[0m[2m:[0m Failed to send response: channel closed
[2m2025-08-25T00:54:18.259291Z[0m [31mERROR[0m [2mglazewm[0m[2m:[0m Failed to send response: channel closed
[2m2025-08-25T00:54:18.266620Z[0m [31mERROR[0m [2mglazewm[0m[2m:[0m Failed to send response: channel closed
[2m2025-08-25T00:54:18.266892Z[0m [31mERROR[0m [2mglazewm[0m[2m:[0m Failed to send response: channel closed
[2m2025-08-25T00:56:57.474072Z[0m [31mERROR[0m [2mglazewm[0m[2m:[0m No displayed workspace.
[2m2025-08-25T02:23:38.155279Z[0m [31mERROR[0m [2mglazewm[0m[2m:[0m Failed to send response: channel closed
[2m2025-08-25T02:23:38.157764Z[0m [31mERROR[0m [2mglazewm[0m[2m:[0m Failed to send response: channel closed
[2m2025-08-25T02:23:38.237354Z[0m [31mERROR[0m [2mglazewm[0m[2m:[0m Failed to send response: channel closed
[2m2025-08-26T22:31:33.761760Z[0m [31mERROR[0m [2mglazewm[0m[2m:[0m No displayed workspace.
[2m2025-08-27T00:19:04.287879Z[0m [31mERROR[0m [2mglazewm[0m[2m:[0m No displayed workspace.
[2m2025-08-27T00:19:22.062009Z[0m [31mERROR[0m [2mglazewm[0m[2m:[0m No displayed workspace.
[2m2025-08-27T00:19:22.929979Z[0m [31mERROR[0m [2mglazewm[0m[2m:[0m Failed to send response: channel closed
[2m2025-08-27T22:55:46.377568Z[0m [31mERROR[0m [2mglazewm[0m[2m:[0m No displayed workspace.
[2m2025-08-28T22:56:05.488339Z[0m [31mERROR[0m [2mglazewm[0m[2m:[0m No displayed workspace.
[2m2025-08-29T06:36:17.702126Z[0m [31mERROR[0m [2mglazewm[0m[2m:[0m Failed to send response: channel closed
[2m2025-08-29T06:36:17.717383Z[0m [31mERROR[0m [2mglazewm[0m[2m:[0m Failed to send response: channel closed
[2m2025-08-29T06:36:17.720056Z[0m [31mERROR[0m [2mglazewm[0m[2m:[0m Failed to send response: channel closed
[2m2025-08-29T06:36:17.722827Z[0m [31mERROR[0m [2mglazewm[0m[2m:[0m Failed to send response: channel closed
[2m2025-08-29T06:36:17.759401Z[0m [31mERROR[0m [2mglazewm[0m[2m:[0m Failed to send response: channel closed
[2m2025-08-29T06:36:17.852995Z[0m [31mERROR[0m [2mglazewm[0m[2m:[0m Failed to send response: channel closed
[2m2025-08-29T06:36:28.722649Z[0m [31mERROR[0m [2mglazewm[0m[2m:[0m No displayed workspace.
[2m2025-08-31T23:09:18.166844Z[0m [31mERROR[0m [2mglazewm[0m[2m:[0m No displayed workspace.
[2m2025-09-04T21:43:19.737180Z[0m [31mERROR[0m [2mglazewm[0m[2m:[0m No displayed workspace.
[2m2025-09-05T06:11:53.840799Z[0m [31mERROR[0m [2mglazewm[0m[2m:[0m Failed to send response: channel closed
[2m2025-09-05T06:11:55.117399Z[0m [31mERROR[0m [2mglazewm[0m[2m:[0m Failed to send response: channel closed
[2m2025-09-05T06:11:55.117737Z[0m [31mERROR[0m [2mglazewm[0m[2m:[0m Failed to send response: channel closed
[2m2025-09-05T06:11:55.118896Z[0m [31mERROR[0m [2mglazewm[0m[2m:[0m Failed to send response: channel closed
[2m2025-09-05T06:11:55.120166Z[0m [31mERROR[0m [2mglazewm[0m[2m:[0m Failed to send response: channel closed
[2m2025-09-05T06:11:55.120878Z[0m [31mERROR[0m [2mglazewm[0m[2m:[0m Failed to send response: channel closed
[2m2025-09-05T06:11:55.121076Z[0m [31mERROR[0m [2mglazewm[0m[2m:[0m Failed to send response: channel closed
[2m2025-09-05T06:11:55.137902Z[0m [31mERROR[0m [2mglazewm[0m[2m:[0m Failed to send response: channel closed
[2m2025-09-05T06:11:55.170070Z[0m [31mERROR[0m [2mglazewm[0m[2m:[0m Failed to send response: channel closed
[2m2025-09-07T22:49:26.973290Z[0m [31mERROR[0m [2mglazewm[0m[2m:[0m No displayed workspace.
[2m2025-09-08T22:58:16.594502Z[0m [31mERROR[0m [2mglazewm[0m[2m:[0m No displayed workspace.
[2m2025-09-10T22:33:08.467614Z[0m [31mERROR[0m [2mglazewm[0m[2m:[0m No displayed workspace.
[2m2025-09-11T06:47:49.398671Z[0m [31mERROR[0m [2mglazewm[0m[2m:[0m Failed to send response: channel closed
[2m2025-09-11T06:47:49.399294Z[0m [31mERROR[0m [2mglazewm[0m[2m:[0m Failed to send response: channel closed
[2m2025-09-11T06:47:49.411427Z[0m [31mERROR[0m [2mglazewm[0m[2m:[0m Failed to send response: channel closed
[2m2025-09-11T06:47:49.412372Z[0m [31mERROR[0m [2mglazewm[0m[2m:[0m Failed to send response: channel closed
[2m2025-09-11T06:47:49.413273Z[0m [31mERROR[0m [2mglazewm[0m[2m:[0m Failed to send response: channel closed
[2m2025-09-11T06:47:49.413410Z[0m [31mERROR[0m [2mglazewm[0m[2m:[0m Failed to send response: channel closed
[2m2025-09-11T06:47:49.416591Z[0m [31mERROR[0m [2mglazewm[0m[2m:[0m Failed to send response: channel closed
[2m2025-09-11T06:47:49.417395Z[0m [31mERROR[0m [2mglazewm[0m[2m:[0m Failed to send response: channel closed
[2m2025-09-11T06:47:49.422610Z[0m [31mERROR[0m [2mglazewm[0m[2m:[0m Failed to send response: channel closed
[2m2025-09-11T06:47:49.432527Z[0m [31mERROR[0m [2mglazewm[0m[2m:[0m Failed to send response: channel closed
[2m2025-09-11T06:47:49.436030Z[0m [31mERROR[0m [2mglazewm[0m[2m:[0m Failed to send response: channel closed
[2m2025-09-11T06:47:49.437374Z[0m [31mERROR[0m [2mglazewm[0m[2m:[0m Failed to send response: channel closed
[2m2025-09-11T06:47:49.445071Z[0m [31mERROR[0m [2mglazewm[0m[2m:[0m Failed to send response: channel closed
[2m2025-09-11T06:47:49.446231Z[0m [31mERROR[0m [2mglazewm[0m[2m:[0m Failed to send response: channel closed
[2m2025-09-11T06:47:49.446727Z[0m [31mERROR[0m [2mglazewm[0m[2m:[0m Failed to send response: channel closed
[2m2025-09-11T06:47:49.447273Z[0m [31mERROR[0m [2mglazewm[0m[2m:[0m Failed to send response: channel closed
[2m2025-09-11T06:47:49.447758Z[0m [31mERROR[0m [2mglazewm[0m[2m:[0m Failed to send response: channel closed
[2m2025-09-11T06:47:49.448007Z[0m [31mERROR[0m [2mglazewm[0m[2m:[0m Failed to send response: channel closed
[2m2025-09-11T06:47:49.448154Z[0m [31mERROR[0m [2mglazewm[0m[2m:[0m Failed to send response: channel closed
[2m2025-09-11T06:47:49.448455Z[0m [31mERROR[0m [2mglazewm[0m[2m:[0m Failed to send response: channel closed
[2m2025-09-11T06:47:49.449242Z[0m [31mERROR[0m [2mglazewm[0m[2m:[0m Failed to send response: channel closed
[2m2025-09-11T23:55:18.046743Z[0m [31mERROR[0m [2mglazewm[0m[2m:[0m No displayed workspace.
[2m2025-09-11T23:56:21.117714Z[0m [31mERROR[0m [2mglazewm[0m[2m:[0m No displayed workspace.
[2m2025-09-12T06:39:57.213373Z[0m [31mERROR[0m [2mglazewm[0m[2m:[0m Failed to send response: channel closed
[2m2025-09-12T06:39:57.213828Z[0m [31mERROR[0m [2mglazewm[0m[2m:[0m Failed to send response: channel closed
[2m2025-09-12T06:39:57.214123Z[0m [31mERROR[0m [2mglazewm[0m[2m:[0m Failed to send response: channel closed
[2m2025-09-14T22:40:57.166230Z[0m [31mERROR[0m [2mglazewm[0m[2m:[0m No displayed workspace.
[2m2025-09-15T22:54:29.483722Z[0m [31mERROR[0m [2mglazewm[0m[2m:[0m No displayed workspace.
[2m2025-09-16T10:10:47.973354Z[0m [31mERROR[0m [2mglazewm[0m[2m:[0m Failed to send response: channel closed
[2m2025-09-16T10:10:47.974175Z[0m [31mERROR[0m [2mglazewm[0m[2m:[0m Failed to send response: channel closed
[2m2025-09-16T10:10:47.974353Z[0m [31mERROR[0m [2mglazewm[0m[2m:[0m Failed to send response: channel closed
[2m2025-09-16T22:26:14.620061Z[0m [31mERROR[0m [2mglazewm[0m[2m:[0m No displayed workspace.
[2m2025-09-17T22:43:25.094114Z[0m [31mERROR[0m [2mglazewm[0m[2m:[0m No displayed workspace.
[2m2025-09-22T07:00:11.029367Z[0m [31mERROR[0m [2mglazewm[0m[2m:[0m Failed to send response: channel closed
[2m2025-09-23T22:52:43.392439Z[0m [31mERROR[0m [2mglazewm[0m[2m:[0m No displayed workspace.
[2m2025-09-24T07:17:11.379358Z[0m [31mERROR[0m [2mglazewm[0m[2m:[0m Failed to send response: channel closed
[2m2025-09-24T07:17:11.601637Z[0m [31mERROR[0m [2mglazewm[0m[2m:[0m Failed to send response: channel closed
[2m2025-09-24T07:17:11.614216Z[0m [31mERROR[0m [2mglazewm[0m[2m:[0m Failed to send response: channel closed
[2m2025-09-24T07:17:11.615624Z[0m [31mERROR[0m [2mglazewm[0m[2m:[0m Failed to send response: channel closed
[2m2025-09-24T07:17:11.616074Z[0m [31mERROR[0m [2mglazewm[0m[2m:[0m Failed to send response: channel closed
[2m2025-09-24T07:17:11.616352Z[0m [31mERROR[0m [2mglazewm[0m[2m:[0m Failed to send response: channel closed
[2m2025-09-24T07:17:11.616569Z[0m [31mERROR[0m [2mglazewm[0m[2m:[0m Failed to send response: channel closed
[2m2025-09-24T07:17:11.628400Z[0m [31mERROR[0m [2mglazewm[0m[2m:[0m Failed to send response: channel closed
[2m2025-09-24T07:17:11.629279Z[0m [31mERROR[0m [2mglazewm[0m[2m:[0m Failed to send response: channel closed
[2m2025-09-24T07:17:11.630774Z[0m [31mERROR[0m [2mglazewm[0m[2m:[0m Failed to send response: channel closed
[2m2025-09-24T07:17:11.630938Z[0m [31mERROR[0m [2mglazewm[0m[2m:[0m Failed to send response: channel closed
[2m2025-09-24T07:17:11.632965Z[0m [31mERROR[0m [2mglazewm[0m[2m:[0m Failed to send response: channel closed
[2m2025-09-24T07:17:11.633125Z[0m [31mERROR[0m [2mglazewm[0m[2m:[0m Failed to send response: channel closed
[2m2025-09-24T07:17:11.633289Z[0m [31mERROR[0m [2mglazewm[0m[2m:[0m Failed to send response: channel closed
[2m2025-09-24T07:17:11.801823Z[0m [31mERROR[0m [2mglazewm[0m[2m:[0m Failed to send response: channel closed
[2m2025-09-24T07:17:11.803913Z[0m [31mERROR[0m [2mglazewm[0m[2m:[0m Failed to send response: channel closed
[2m2025-09-24T07:17:11.804633Z[0m [31mERROR[0m [2mglazewm[0m[2m:[0m Failed to send response: channel closed
[2m2025-09-24T07:17:11.805087Z[0m [31mERROR[0m [2mglazewm[0m[2m:[0m Failed to send response: channel closed
[2m2025-09-24T07:17:11.805340Z[0m [31mERROR[0m [2mglazewm[0m[2m:[0m Failed to send response: channel closed
[2m2025-09-24T07:17:11.805524Z[0m [31mERROR[0m [2mglazewm[0m[2m:[0m Failed to send response: channel closed
[2m2025-09-24T07:17:11.805837Z[0m [31mERROR[0m [2mglazewm[0m[2m:[0m Failed to send response: channel closed
[2m2025-09-24T07:17:11.806364Z[0m [31mERROR[0m [2mglazewm[0m[2m:[0m Failed to send response: channel closed
[2m2025-09-24T07:17:12.381670Z[0m [31mERROR[0m [2mglazewm[0m[2m:[0m Failed to send response: channel closed
[2m2025-09-24T07:17:13.226058Z[0m [31mERROR[0m [2mglazewm[0m[2m:[0m Failed to send response: channel closed
[2m2025-09-24T07:17:13.226370Z[0m [31mERROR[0m [2mglazewm[0m[2m:[0m Failed to send response: channel closed
[2m2025-09-24T07:17:13.226579Z[0m [31mERROR[0m [2mglazewm[0m[2m:[0m Failed to send response: channel closed
[2m2025-09-24T22:49:18.301988Z[0m [31mERROR[0m [2mglazewm[0m[2m:[0m No displayed workspace.
[2m2025-09-24T22:50:21.809364Z[0m [31mERROR[0m [2mglazewm[0m[2m:[0m No Workspace
[2m2025-09-24T22:50:29.022276Z[0m [31mERROR[0m [2mglazewm[0m[2m:[0m No displayed workspace.
[2m2025-09-24T22:50:54.395153Z[0m [31mERROR[0m [2mglazewm[0m[2m:[0m No Workspace
[2m2025-09-24T23:24:05.233655Z[0m [31mERROR[0m [2mglazewm[0m[2m:[0m No displayed workspace.
[2m2025-09-24T23:24:15.039290Z[0m [31mERROR[0m [2mglazewm[0m[2m:[0m No displayed workspace.
[2m2025-09-28T23:34:38.228250Z[0m [31mERROR[0m [2mglazewm[0m[2m:[0m No displayed workspace.
[2m2025-09-29T22:44:05.692341Z[0m [31mERROR[0m [2mglazewm[0m[2m:[0m No displayed workspace.
[2m2025-09-30T06:31:04.454532Z[0m [31mERROR[0m [2mglazewm[0m[2m:[0m Failed to send response: channel closed
[2m2025-09-30T06:31:04.455416Z[0m [31mERROR[0m [2mglazewm[0m[2m:[0m Failed to send response: channel closed
[2m2025-09-30T06:31:04.455687Z[0m [31mERROR[0m [2mglazewm[0m[2m:[0m Failed to send response: channel closed
[2m2025-09-30T06:31:04.455879Z[0m [31mERROR[0m [2mglazewm[0m[2m:[0m Failed to send response: channel closed
[2m2025-09-30T06:31:04.456073Z[0m [31mERROR[0m [2mglazewm[0m[2m:[0m Failed to send response: channel closed
[2m2025-09-30T06:31:04.456987Z[0m [31mERROR[0m [2mglazewm[0m[2m:[0m Failed to send response: channel closed
[2m2025-09-30T06:31:04.457313Z[0m [31mERROR[0m [2mglazewm[0m[2m:[0m Failed to send response: channel closed
[2m2025-09-30T06:31:04.458334Z[0m [31mERROR[0m [2mglazewm[0m[2m:[0m Failed to send response: channel closed
[2m2025-09-30T06:31:04.490686Z[0m [31mERROR[0m [2mglazewm[0m[2m:[0m Failed to send response: channel closed
[2m2025-10-02T23:07:07.603026Z[0m [31mERROR[0m [2mglazewm[0m[2m:[0m No displayed workspace.
[2m2025-10-02T23:12:08.235955Z[0m [31mERROR[0m [2mglazewm[0m[2m:[0m No displayed workspace.
[2m2025-10-06T23:07:50.837675Z[0m [31mERROR[0m [2mglazewm[0m[2m:[0m No displayed workspace.
[2m2025-10-06T23:08:38.088888Z[0m [31mERROR[0m [2mglazewm[0m[2m:[0m No displayed workspace.
[2m2025-10-07T20:53:42.981912Z[0m [31mERROR[0m [2mglazewm[0m[2m:[0m No displayed workspace.
[2m2025-10-09T21:41:34.375768Z[0m [31mERROR[0m [2mglazewm[0m[2m:[0m No displayed workspace.
[2m2025-10-10T05:31:47.082910Z[0m [31mERROR[0m [2mglazewm[0m[2m:[0m Failed to send response: channel closed
[2m2025-10-10T05:31:47.083728Z[0m [31mERROR[0m [2mglazewm[0m[2m:[0m Failed to send response: channel closed
[2m2025-10-10T05:31:47.084487Z[0m [31mERROR[0m [2mglazewm[0m[2m:[0m Failed to send response: channel closed
[2m2025-10-12T22:06:16.926247Z[0m [31mERROR[0m [2mglazewm[0m[2m:[0m No displayed workspace.
[2m2025-10-14T05:55:08.703512Z[0m [31mERROR[0m [2mglazewm[0m[2m:[0m Failed to send response: channel closed
[2m2025-10-14T05:55:08.709357Z[0m [31mERROR[0m [2mglazewm[0m[2m:[0m Failed to send response: channel closed
[2m2025-10-14T05:55:08.714885Z[0m [31mERROR[0m [2mglazewm[0m[2m:[0m Failed to send response: channel closed
[2m2025-10-14T05:55:08.719882Z[0m [31mERROR[0m [2mglazewm[0m[2m:[0m Failed to send response: channel closed
[2m2025-10-14T05:55:08.720988Z[0m [31mERROR[0m [2mglazewm[0m[2m:[0m Failed to send response: channel closed
[2m2025-10-14T05:55:08.722400Z[0m [31mERROR[0m [2mglazewm[0m[2m:[0m Failed to send response: channel closed
[2m2025-10-14T05:55:08.724206Z[0m [31mERROR[0m [2mglazewm[0m[2m:[0m Failed to send response: channel closed
[2m2025-10-14T05:55:08.749291Z[0m [31mERROR[0m [2mglazewm[0m[2m:[0m Failed to send response: channel closed
[2m2025-10-14T05:55:08.750056Z[0m [31mERROR[0m [2mglazewm[0m[2m:[0m Failed to send response: channel closed
[2m2025-10-14T05:55:08.750258Z[0m [31mERROR[0m [2mglazewm[0m[2m:[0m Failed to send response: channel closed
[2m2025-10-14T05:55:08.750407Z[0m [31mERROR[0m [2mglazewm[0m[2m:[0m Failed to send response: channel closed
[2m2025-10-14T05:55:08.750529Z[0m [31mERROR[0m [2mglazewm[0m[2m:[0m Failed to send response: channel closed
[2m2025-10-14T05:55:08.750693Z[0m [31mERROR[0m [2mglazewm[0m[2m:[0m Failed to send response: channel closed
[2m2025-10-14T05:55:08.750833Z[0m [31mERROR[0m [2mglazewm[0m[2m:[0m Failed to send response: channel closed
[2m2025-10-14T05:55:08.750972Z[0m [31mERROR[0m [2mglazewm[0m[2m:[0m Failed to send response: channel closed
[2m2025-10-14T05:55:08.751088Z[0m [31mERROR[0m [2mglazewm[0m[2m:[0m Failed to send response: channel closed
[2m2025-10-14T05:55:08.751233Z[0m [31mERROR[0m [2mglazewm[0m[2m:[0m Failed to send response: channel closed
[2m2025-10-14T05:55:08.752906Z[0m [31mERROR[0m [2mglazewm[0m[2m:[0m Failed to send response: channel closed
[2m2025-10-14T05:55:08.753107Z[0m [31mERROR[0m [2mglazewm[0m[2m:[0m Failed to send response: channel closed
[2m2025-10-14T05:55:08.755579Z[0m [31mERROR[0m [2mglazewm[0m[2m:[0m Failed to send response: channel closed
[2m2025-10-14T05:55:08.755796Z[0m [31mERROR[0m [2mglazewm[0m[2m:[0m Failed to send response: channel closed
[2m2025-10-14T05:55:08.755987Z[0m [31mERROR[0m [2mglazewm[0m[2m:[0m Failed to send response: channel closed
[2m2025-10-14T05:55:08.756167Z[0m [31mERROR[0m [2mglazewm[0m[2m:[0m Failed to send response: channel closed
[2m2025-10-14T05:55:08.756339Z[0m [31mERROR[0m [2mglazewm[0m[2m:[0m Failed to send response: channel closed
[2m2025-10-14T05:55:08.756513Z[0m [31mERROR[0m [2mglazewm[0m[2m:[0m Failed to send response: channel closed
[2m2025-10-14T05:55:08.756720Z[0m [31mERROR[0m [2mglazewm[0m[2m:[0m Failed to send response: channel closed
[2m2025-10-14T05:55:08.756902Z[0m [31mERROR[0m [2mglazewm[0m[2m:[0m Failed to send response: channel closed
[2m2025-10-14T22:01:12.525743Z[0m [31mERROR[0m [2mglazewm[0m[2m:[0m No displayed workspace.
[2m2025-10-15T06:33:23.747370Z[0m [31mERROR[0m [2mglazewm[0m[2m:[0m Failed to send response: channel closed
[2m2025-10-15T06:33:23.747795Z[0m [31mERROR[0m [2mglazewm[0m[2m:[0m Failed to send response: channel closed
[2m2025-10-15T06:33:23.748047Z[0m [31mERROR[0m [2mglazewm[0m[2m:[0m Failed to send response: channel closed
[2m2025-10-15T06:33:23.748258Z[0m [31mERROR[0m [2mglazewm[0m[2m:[0m Failed to send response: channel closed
[2m2025-10-15T06:33:23.749013Z[0m [31mERROR[0m [2mglazewm[0m[2m:[0m Failed to send response: channel closed
[2m2025-10-15T06:33:23.749458Z[0m [31mERROR[0m [2mglazewm[0m[2m:[0m Failed to send response: channel closed
[2m2025-10-15T06:33:23.755492Z[0m [31mERROR[0m [2mglazewm[0m[2m:[0m Failed to send response: channel closed
[2m2025-10-15T06:33:23.760237Z[0m [31mERROR[0m [2mglazewm[0m[2m:[0m Failed to send response: channel closed
[2m2025-10-15T06:33:23.866237Z[0m [31mERROR[0m [2mglazewm[0m[2m:[0m Failed to send response: channel closed
[2m2025-10-15T06:33:23.867953Z[0m [31mERROR[0m [2mglazewm[0m[2m:[0m Failed to send response: channel closed
[2m2025-10-15T06:33:23.884587Z[0m [31mERROR[0m [2mglazewm[0m[2m:[0m Failed to send response: channel closed
[2m2025-10-15T06:33:23.959523Z[0m [31mERROR[0m [2mglazewm[0m[2m:[0m Failed to send response: channel closed
[2m2025-10-15T06:33:23.961047Z[0m [31mERROR[0m [2mglazewm[0m[2m:[0m Failed to send response: channel closed
[2m2025-10-15T06:33:24.011971Z[0m [31mERROR[0m [2mglazewm[0m[2m:[0m Failed to send response: channel closed
[2m2025-10-15T06:33:24.063066Z[0m [31mERROR[0m [2mglazewm[0m[2m:[0m Failed to send response: channel closed
[2m2025-10-15T06:33:24.063369Z[0m [31mERROR[0m [2mglazewm[0m[2m:[0m Failed to send response: channel closed
[2m2025-10-15T06:33:24.064107Z[0m [31mERROR[0m [2mglazewm[0m[2m:[0m Failed to send response: channel closed
[2m2025-10-15T06:33:24.098019Z[0m [31mERROR[0m [2mglazewm[0m[2m:[0m Failed to send response: channel closed
[2m2025-10-15T06:33:24.099541Z[0m [31mERROR[0m [2mglazewm[0m[2m:[0m Failed to send response: channel closed
[2m2025-10-15T06:33:24.134218Z[0m [31mERROR[0m [2mglazewm[0m[2m:[0m Failed to send response: channel closed
[2m2025-10-15T06:33:24.134477Z[0m [31mERROR[0m [2mglazewm[0m[2m:[0m Failed to send response: channel closed
[2m2025-10-15T06:33:24.137828Z[0m [31mERROR[0m [2mglazewm[0m[2m:[0m Failed to send response: channel closed
[2m2025-10-15T06:33:24.186088Z[0m [31mERROR[0m [2mglazewm[0m[2m:[0m Failed to send response: channel closed
[2m2025-10-15T06:33:24.221811Z[0m [31mERROR[0m [2mglazewm[0m[2m:[0m Failed to send response: channel closed
[2m2025-10-15T06:33:24.232220Z[0m [31mERROR[0m [2mglazewm[0m[2m:[0m Failed to send response: channel closed
[2m2025-10-15T06:33:24.233140Z[0m [31mERROR[0m [2mglazewm[0m[2m:[0m Failed to send response: channel closed
[2m2025-10-15T06:33:24.233345Z[0m [31mERROR[0m [2mglazewm[0m[2m:[0m Failed to send response: channel closed
[2m2025-10-15T21:56:04.089300Z[0m [31mERROR[0m [2mglazewm[0m[2m:[0m No displayed workspace.
[2m2025-10-16T21:50:56.280464Z[0m [31mERROR[0m [2mglazewm[0m[2m:[0m No displayed workspace.
[2m2025-10-19T22:08:53.856184Z[0m [31mERROR[0m [2mglazewm[0m[2m:[0m No displayed workspace.
[2m2025-10-20T22:01:54.610006Z[0m [31mERROR[0m [2mglazewm[0m[2m:[0m No displayed workspace.
[2m2025-10-20T22:05:59.544728Z[0m [31mERROR[0m [2mglazewm[0m[2m:[0m No displayed workspace.
[2m2025-10-22T22:28:13.071162Z[0m [31mERROR[0m [2mglazewm[0m[2m:[0m No displayed workspace.
[2m2025-10-23T22:00:16.216370Z[0m [31mERROR[0m [2mglazewm[0m[2m:[0m No displayed workspace.
[2m2025-10-24T05:34:56.378463Z[0m [31mERROR[0m [2mglazewm[0m[2m:[0m Failed to send response: channel closed
[2m2025-10-26T21:53:30.399563Z[0m [31mERROR[0m [2mglazewm[0m[2m:[0m No displayed workspace.
[2m2025-10-28T21:45:40.108869Z[0m [31mERROR[0m [2mglazewm[0m[2m:[0m No displayed workspace.
[2m2025-10-29T22:12:46.869326Z[0m [31mERROR[0m [2mglazewm[0m[2m:[0m No displayed workspace.
[2m2025-10-29T22:13:25.472257Z[0m [31mERROR[0m [2mglazewm[0m[2m:[0m No displayed workspace.
[2m2025-10-30T22:00:53.145634Z[0m [31mERROR[0m [2mglazewm[0m[2m:[0m No displayed workspace.
[2m2025-11-04T22:05:13.321897Z[0m [31mERROR[0m [2mglazewm[0m[2m:[0m No displayed workspace.
[2m2025-11-05T06:21:48.247391Z[0m [31mERROR[0m [2mglazewm[0m[2m:[0m Failed to send response: channel closed
[2m2025-11-05T06:21:48.270415Z[0m [31mERROR[0m [2mglazewm[0m[2m:[0m Failed to send response: channel closed
[2m2025-11-05T06:21:48.272036Z[0m [31mERROR[0m [2mglazewm[0m[2m:[0m Failed to send response: channel closed
[2m2025-11-05T06:21:50.460049Z[0m [31mERROR[0m [2mglazewm[0m[2m:[0m Failed to send response: channel closed
[2m2025-11-05T06:21:50.460240Z[0m [31mERROR[0m [2mglazewm[0m[2m:[0m Failed to send response: channel closed
[2m2025-11-05T06:21:50.460394Z[0m [31mERROR[0m [2mglazewm[0m[2m:[0m Failed to send response: channel closed
[2m2025-11-05T06:21:51.178228Z[0m [31mERROR[0m [2mglazewm[0m[2m:[0m Failed to send response: channel closed
[2m2025-11-05T06:21:51.178987Z[0m [31mERROR[0m [2mglazewm[0m[2m:[0m Failed to send response: channel closed
[2m2025-11-05T06:21:51.179192Z[0m [31mERROR[0m [2mglazewm[0m[2m:[0m Failed to send response: channel closed
[2m2025-11-05T21:27:18.243005Z[0m [31mERROR[0m [2mglazewm[0m[2m:[0m No displayed workspace.
[2m2025-11-05T21:27:50.358175Z[0m [31mERROR[0m [2mglazewm[0m[2m:[0m No displayed workspace.
[2m2025-11-05T21:28:32.211161Z[0m [31mERROR[0m [2mglazewm[0m[2m:[0m Another instance of the application is already running.
[2m2025-11-06T21:29:31.206104Z[0m [31mERROR[0m [2mglazewm[0m[2m:[0m No displayed workspace.
[2m2025-11-06T21:30:51.715428Z[0m [31mERROR[0m [2mglazewm[0m[2m:[0m No displayed workspace.
[2m2025-11-09T21:45:23.343112Z[0m [31mERROR[0m [2mglazewm[0m[2m:[0m No displayed workspace.
[2m2025-11-09T21:46:01.807687Z[0m [31mERROR[0m [2mglazewm[0m[2m:[0m Another instance of the application is already running.
[2m2025-11-10T22:37:05.803097Z[0m [31mERROR[0m [2mglazewm[0m[2m:[0m No displayed workspace.
[2m2025-11-11T22:14:37.433314Z[0m [31mERROR[0m [2mglazewm[0m[2m:[0m No displayed workspace.
[2m2025-11-11T22:15:10.842558Z[0m [31mERROR[0m [2mglazewm[0m[2m:[0m No displayed workspace.
[2m2025-11-12T02:00:25.680591Z[0m [31mERROR[0m [2mglazewm[0m[2m:[0m No displayed workspace.
[2m2025-11-12T02:00:29.966708Z[0m [31mERROR[0m [2mglazewm[0m[2m:[0m No displayed workspace.
[2m2025-11-12T02:00:32.131607Z[0m [31mERROR[0m [2mglazewm[0m[2m:[0m No workspace is currently focused.
[2m2025-11-12T22:53:22.285943Z[0m [31mERROR[0m [2mglazewm[0m[2m:[0m No displayed workspace.
[2m2025-11-13T01:31:44.919884Z[0m [31mERROR[0m [2mglazewm[0m[2m:[0m No displayed workspace.
[2m2025-11-16T22:15:08.202198Z[0m [31mERROR[0m [2mglazewm[0m[2m:[0m No displayed workspace.
[2m2025-11-17T22:13:24.347337Z[0m [31mERROR[0m [2mglazewm[0m[2m:[0m No displayed workspace.
[2m2025-11-17T22:14:05.860485Z[0m [31mERROR[0m [2mglazewm[0m[2m:[0m No displayed workspace.
[2m2025-11-18T22:50:59.693534Z[0m [31mERROR[0m [2mglazewm[0m[2m:[0m No displayed workspace.
[2m2025-11-18T22:51:36.729740Z[0m [31mERROR[0m [2mglazewm[0m[2m:[0m No displayed workspace.
[2m2025-11-19T21:50:17.048320Z[0m [31mERROR[0m [2mglazewm[0m[2m:[0m No displayed workspace.
[2m2025-11-20T05:09:24.745637Z[0m [31mERROR[0m [2mglazewm[0m[2m:[0m Another instance of the application is already running.
[2m2025-11-20T22:19:04.742905Z[0m [31mERROR[0m [2mglazewm[0m[2m:[0m No displayed workspace.
[2m2025-11-23T22:31:54.820177Z[0m [31mERROR[0m [2mglazewm[0m[2m:[0m No displayed workspace.
[2m2025-11-24T21:42:22.734603Z[0m [31mERROR[0m [2mglazewm[0m[2m:[0m No displayed workspace.
[2m2025-11-25T05:57:20.860983Z[0m [31mERROR[0m [2mglazewm[0m[2m:[0m Failed to send response: channel closed
[2m2025-11-25T05:57:20.861638Z[0m [31mERROR[0m [2mglazewm[0m[2m:[0m Failed to send response: channel closed
[2m2025-11-25T05:57:20.862463Z[0m [31mERROR[0m [2mglazewm[0m[2m:[0m Failed to send response: channel closed
[2m2025-11-25T21:57:08.770867Z[0m [31mERROR[0m [2mglazewm[0m[2m:[0m No displayed workspace.
[2m2025-11-26T08:01:15.373406Z[0m [31mERROR[0m [2mglazewm[0m[2m:[0m Failed to send response: channel closed
[2m2025-11-26T08:01:15.374048Z[0m [31mERROR[0m [2mglazewm[0m[2m:[0m Failed to send response: channel closed
[2m2025-11-26T08:01:15.374350Z[0m [31mERROR[0m [2mglazewm[0m[2m:[0m Failed to send response: channel closed
[2m2025-11-26T22:26:17.744436Z[0m [31mERROR[0m [2mglazewm[0m[2m:[0m No displayed workspace.
[2m2025-11-26T22:26:59.535625Z[0m [31mERROR[0m [2mglazewm[0m[2m:[0m Failed to send response: channel closed
[2m2025-11-26T22:26:59.535939Z[0m [31mERROR[0m [2mglazewm[0m[2m:[0m Failed to send response: channel closed
[2m2025-11-26T22:26:59.536140Z[0m [31mERROR[0m [2mglazewm[0m[2m:[0m Failed to send response: channel closed
[2m2025-11-26T22:26:59.539478Z[0m [31mERROR[0m [2mglazewm[0m[2m:[0m No displayed workspace.
[2m2025-11-26T22:27:00.217181Z[0m [31mERROR[0m [2mglazewm[0m[2m:[0m No Workspace
[2m2025-11-30T21:29:08.129090Z[0m [31mERROR[0m [2mglazewm[0m[2m:[0m No displayed workspace.
[2m2025-11-30T21:29:40.483926Z[0m [31mERROR[0m [2mglazewm[0m[2m:[0m Another instance of the application is already running.
[2m2025-12-01T08:51:16.262312Z[0m [31mERROR[0m [2mglazewm[0m[2m:[0m Failed to send response: channel closed
[2m2025-12-01T22:00:18.620596Z[0m [31mERROR[0m [2mglazewm[0m[2m:[0m No displayed workspace.
[2m2025-12-02T22:07:47.140852Z[0m [31mERROR[0m [2mglazewm[0m[2m:[0m No displayed workspace.
[2m2025-12-02T22:08:26.386057Z[0m [31mERROR[0m [2mglazewm[0m[2m:[0m No displayed workspace.
[2m2025-12-02T22:08:28.578579Z[0m [31mERROR[0m [2mglazewm[0m[2m:[0m No Workspace
[2m2025-12-03T21:48:21.572418Z[0m [31mERROR[0m [2mglazewm[0m[2m:[0m No displayed workspace.
[2m2025-12-04T06:09:29.004288Z[0m [31mERROR[0m [2mglazewm[0m[2m:[0m Failed to send response: channel closed
[2m2025-12-04T06:09:29.004927Z[0m [31mERROR[0m [2mglazewm[0m[2m:[0m Failed to send response: channel closed
[2m2025-12-04T06:09:29.005197Z[0m [31mERROR[0m [2mglazewm[0m[2m:[0m Failed to send response: channel closed
[2m2025-12-04T06:09:29.005422Z[0m [31mERROR[0m [2mglazewm[0m[2m:[0m Failed to send response: channel closed
[2m2025-12-04T06:09:29.005657Z[0m [31mERROR[0m [2mglazewm[0m[2m:[0m Failed to send response: channel closed
[2m2025-12-04T06:09:29.006011Z[0m [31mERROR[0m [2mglazewm[0m[2m:[0m Failed to send response: channel closed
[2m2025-12-04T06:09:29.006206Z[0m [31mERROR[0m [2mglazewm[0m[2m:[0m Failed to send response: channel closed
[2m2025-12-04T06:09:29.006383Z[0m [31mERROR[0m [2mglazewm[0m[2m:[0m Failed to send response: channel closed
[2m2025-12-04T06:09:29.006662Z[0m [31mERROR[0m [2mglazewm[0m[2m:[0m Failed to send response: channel closed
[2m2025-12-04T06:09:29.007391Z[0m [31mERROR[0m [2mglazewm[0m[2m:[0m Failed to send response: channel closed
[2m2025-12-04T06:09:29.007960Z[0m [31mERROR[0m [2mglazewm[0m[2m:[0m Failed to send response: channel closed
[2m2025-12-04T06:09:29.008336Z[0m [31mERROR[0m [2mglazewm[0m[2m:[0m Failed to send response: channel closed
[2m2025-12-04T06:09:29.008711Z[0m [31mERROR[0m [2mglazewm[0m[2m:[0m Failed to send response: channel closed
[2m2025-12-04T06:09:29.009712Z[0m [31mERROR[0m [2mglazewm[0m[2m:[0m Failed to send response: channel closed
[2m2025-12-04T06:09:29.010241Z[0m [31mERROR[0m [2mglazewm[0m[2m:[0m Failed to send response: channel closed
[2m2025-12-04T06:09:29.010559Z[0m [31mERROR[0m [2mglazewm[0m[2m:[0m Failed to send response: channel closed
[2m2025-12-04T06:09:29.010876Z[0m [31mERROR[0m [2mglazewm[0m[2m:[0m Failed to send response: channel closed
[2m2025-12-04T06:09:29.011113Z[0m [31mERROR[0m [2mglazewm[0m[2m:[0m Failed to send response: channel closed
[2m2025-12-04T06:09:29.011760Z[0m [31mERROR[0m [2mglazewm[0m[2m:[0m Failed to send response: channel closed
[2m2025-12-04T06:09:29.056613Z[0m [31mERROR[0m [2mglazewm[0m[2m:[0m Failed to send response: channel closed
[2m2025-12-04T06:09:29.056985Z[0m [31mERROR[0m [2mglazewm[0m[2m:[0m Failed to send response: channel closed
[2m2025-12-04T06:09:29.057161Z[0m [31mERROR[0m [2mglazewm[0m[2m:[0m Failed to send response: channel closed
[2m2025-12-04T06:09:29.147073Z[0m [31mERROR[0m [2mglazewm[0m[2m:[0m Failed to send response: channel closed
[2m2025-12-04T06:09:29.147346Z[0m [31mERROR[0m [2mglazewm[0m[2m:[0m Failed to send response: channel closed
[2m2025-12-04T06:09:29.164672Z[0m [31mERROR[0m [2mglazewm[0m[2m:[0m Failed to send response: channel closed
[2m2025-12-04T06:09:29.170757Z[0m [31mERROR[0m [2mglazewm[0m[2m:[0m Failed to send response: channel closed
[2m2025-12-04T06:09:29.175286Z[0m [31mERROR[0m [2mglazewm[0m[2m:[0m Failed to send response: channel closed
[2m2025-12-04T06:09:29.190997Z[0m [31mERROR[0m [2mglazewm[0m[2m:[0m Failed to send response: channel closed
[2m2025-12-04T06:09:29.196065Z[0m [31mERROR[0m [2mglazewm[0m[2m:[0m Failed to send response: channel closed
[2m2025-12-04T06:09:29.196387Z[0m [31mERROR[0m [2mglazewm[0m[2m:[0m Failed to send response: channel closed
[2m2025-12-04T23:00:08.314124Z[0m [31mERROR[0m [2mglazewm[0m[2m:[0m No displayed workspace.
[2m2025-12-07T22:11:36.170050Z[0m [31mERROR[0m [2mglazewm[0m[2m:[0m No displayed workspace.
[2m2025-12-09T21:33:57.228109Z[0m [31mERROR[0m [2mglazewm[0m[2m:[0m No displayed workspace.
[2m2025-12-11T22:25:45.165661Z[0m [31mERROR[0m [2mglazewm[0m[2m:[0m No displayed workspace.
[2m2025-12-12T05:44:23.721807Z[0m [31mERROR[0m [2mglazewm[0m[2m:[0m Failed to send response: channel closed
[2m2025-12-12T05:44:23.723998Z[0m [31mERROR[0m [2mglazewm[0m[2m:[0m Failed to send response: channel closed
[2m2025-12-12T05:44:23.727022Z[0m [31mERROR[0m [2mglazewm[0m[2m:[0m Failed to send response: channel closed
[2m2025-12-12T05:44:23.731901Z[0m [31mERROR[0m [2mglazewm[0m[2m:[0m Failed to send response: channel closed
[2m2025-12-12T05:44:23.747955Z[0m [31mERROR[0m [2mglazewm[0m[2m:[0m Failed to send response: channel closed
[2m2025-12-12T05:44:23.778200Z[0m [31mERROR[0m [2mglazewm[0m[2m:[0m Failed to send response: channel closed
[2m2025-12-12T05:44:23.792083Z[0m [31mERROR[0m [2mglazewm[0m[2m:[0m Failed to send response: channel closed
[2m2025-12-12T05:44:23.794328Z[0m [31mERROR[0m [2mglazewm[0m[2m:[0m Failed to send response: channel closed
[2m2025-12-12T05:44:23.795197Z[0m [31mERROR[0m [2mglazewm[0m[2m:[0m Failed to send response: channel closed
[2m2025-12-12T05:44:23.876572Z[0m [31mERROR[0m [2mglazewm[0m[2m:[0m Failed to send response: channel closed
[2m2025-12-12T05:44:24.059016Z[0m [31mERROR[0m [2mglazewm[0m[2m:[0m Failed to send response: channel closed
[2m2025-12-12T05:44:24.059677Z[0m [31mERROR[0m [2mglazewm[0m[2m:[0m Failed to send response: channel closed
[2m2025-12-12T05:44:24.079340Z[0m [31mERROR[0m [2mglazewm[0m[2m:[0m Failed to send response: channel closed
[2m2025-12-12T05:44:24.079821Z[0m [31mERROR[0m [2mglazewm[0m[2m:[0m Failed to send response: channel closed
[2m2025-12-12T05:44:24.080330Z[0m [31mERROR[0m [2mglazewm[0m[2m:[0m Failed to send response: channel closed
[2m2025-12-14T22:54:53.263664Z[0m [31mERROR[0m [2mglazewm[0m[2m:[0m The handle is invalid. (0x80070006)
[2m2025-12-15T22:41:46.602525Z[0m [31mERROR[0m [2mglazewm[0m[2m:[0m No displayed workspace.
[2m2025-12-16T21:52:24.971884Z[0m [31mERROR[0m [2mglazewm[0m[2m:[0m No displayed workspace.
[2m2025-12-18T22:06:29.822758Z[0m [31mERROR[0m [2mglazewm[0m[2m:[0m No displayed workspace.
[2m2026-01-13T22:49:03.147747Z[0m [31mERROR[0m [2mglazewm[0m[2m:[0m No displayed workspace.
[2m2026-01-14T06:13:21.052567Z[0m [31mERROR[0m [2mglazewm[0m[2m:[0m Failed to send response: channel closed
[2m2026-01-14T06:13:21.083682Z[0m [31mERROR[0m [2mglazewm[0m[2m:[0m Failed to send response: channel closed
[2m2026-01-14T06:13:21.085813Z[0m [31mERROR[0m [2mglazewm[0m[2m:[0m Failed to send response: channel closed
[2m2026-01-14T06:13:21.086624Z[0m [31mERROR[0m [2mglazewm[0m[2m:[0m Failed to send response: channel closed
[2m2026-01-14T06:13:21.086874Z[0m [31mERROR[0m [2mglazewm[0m[2m:[0m Failed to send response: channel closed
[2m2026-01-14T06:13:22.025906Z[0m [31mERROR[0m [2mglazewm[0m[2m:[0m Failed to send response: channel closed
[2m2026-01-14T06:13:22.026119Z[0m [31mERROR[0m [2mglazewm[0m[2m:[0m Failed to send response: channel closed
[2m2026-01-14T06:13:22.096757Z[0m [31mERROR[0m [2mglazewm[0m[2m:[0m Failed to send response: channel closed
[2m2026-01-14T06:13:22.101745Z[0m [31mERROR[0m [2mglazewm[0m[2m:[0m Failed to send response: channel closed
[2m2026-01-14T23:29:27.585570Z[0m [31mERROR[0m [2mglazewm[0m[2m:[0m No displayed workspace.
[2m2026-01-14T23:30:05.784895Z[0m [31mERROR[0m [2mglazewm[0m[2m:[0m Failed to send response: channel closed
[2m2026-01-14T23:30:05.785107Z[0m [31mERROR[0m [2mglazewm[0m[2m:[0m Failed to send response: channel closed
[2m2026-01-14T23:30:05.785213Z[0m [31mERROR[0m [2mglazewm[0m[2m:[0m Failed to send response: channel closed
[2m2026-01-14T23:30:05.787626Z[0m [31mERROR[0m [2mglazewm[0m[2m:[0m No displayed workspace.
[2m2026-01-14T23:30:09.450038Z[0m [31mERROR[0m [2mglazewm[0m[2m:[0m No Workspace
[2m2026-01-15T22:06:07.537478Z[0m [31mERROR[0m [2mglazewm[0m[2m:[0m No displayed workspace.
[2m2026-01-15T22:07:14.734834Z[0m [31mERROR[0m [2mglazewm[0m[2m:[0m No displayed workspace.
[2m2026-01-16T04:08:17.781302Z[0m [31mERROR[0m [2mglazewm[0m[2m:[0m No displayed workspace.
[2m2026-01-16T04:09:21.081607Z[0m [31mERROR[0m [2mglazewm[0m[2m:[0m Failed to send response: channel closed
[2m2026-01-16T04:09:21.081763Z[0m [31mERROR[0m [2mglazewm[0m[2m:[0m Failed to send response: channel closed
[2m2026-01-16T04:09:21.084428Z[0m [31mERROR[0m [2mglazewm[0m[2m:[0m No displayed workspace.
[2m2026-01-19T06:09:26.855416Z[0m [31mERROR[0m [2mglazewm[0m[2m:[0m Failed to send response: channel closed
[2m2026-01-19T06:09:26.856119Z[0m [31mERROR[0m [2mglazewm[0m[2m:[0m Failed to send response: channel closed
[2m2026-01-19T06:09:26.857776Z[0m [31mERROR[0m [2mglazewm[0m[2m:[0m Failed to send response: channel closed
[2m2026-01-19T06:09:26.859441Z[0m [31mERROR[0m [2mglazewm[0m[2m:[0m Failed to send response: channel closed
[2m2026-01-19T06:09:26.859591Z[0m [31mERROR[0m [2mglazewm[0m[2m:[0m Failed to send response: channel closed
[2m2026-01-19T06:09:28.615497Z[0m [31mERROR[0m [2mglazewm[0m[2m:[0m Failed to send response: channel closed
[2m2026-01-19T06:09:28.616646Z[0m [31mERROR[0m [2mglazewm[0m[2m:[0m Failed to send response: channel closed
[2m2026-01-19T06:09:28.618480Z[0m [31mERROR[0m [2mglazewm[0m[2m:[0m Failed to send response: channel closed
[2m2026-01-19T06:09:28.618782Z[0m [31mERROR[0m [2mglazewm[0m[2m:[0m Failed to send response: channel closed
[2m2026-01-19T21:58:10.348865Z[0m [31mERROR[0m [2mglazewm[0m[2m:[0m No displayed workspace.
[2m2026-01-20T22:45:48.711361Z[0m [31mERROR[0m [2mglazewm[0m[2m:[0m No displayed workspace.
[2m2026-01-20T22:46:13.252119Z[0m [31mERROR[0m [2mglazewm[0m[2m:[0m No displayed workspace.
[2m2026-01-21T07:30:45.490845Z[0m [31mERROR[0m [2mglazewm[0m[2m:[0m Failed to send response: channel closed
[2m2026-01-21T07:30:45.494806Z[0m [31mERROR[0m [2mglazewm[0m[2m:[0m Failed to send response: channel closed
[2m2026-01-21T07:30:45.495594Z[0m [31mERROR[0m [2mglazewm[0m[2m:[0m Failed to send response: channel closed
[2m2026-01-21T07:30:45.495907Z[0m [31mERROR[0m [2mglazewm[0m[2m:[0m Failed to send response: channel closed
[2m2026-01-21T07:30:45.515887Z[0m [31mERROR[0m [2mglazewm[0m[2m:[0m Failed to send response: channel closed
[2m2026-01-21T07:30:45.526374Z[0m [31mERROR[0m [2mglazewm[0m[2m:[0m Failed to send response: channel closed
[2m2026-01-21T22:25:52.935590Z[0m [31mERROR[0m [2mglazewm[0m[2m:[0m No displayed workspace.
[2m2026-01-21T22:29:48.760660Z[0m [31mERROR[0m [2mglazewm[0m[2m:[0m No displayed workspace.
[2m2026-01-22T06:20:01.983998Z[0m [31mERROR[0m [2mglazewm[0m[2m:[0m Failed to send response: channel closed
[2m2026-01-22T06:20:01.986241Z[0m [31mERROR[0m [2mglazewm[0m[2m:[0m Failed to send response: channel closed
[2m2026-01-22T06:20:01.986580Z[0m [31mERROR[0m [2mglazewm[0m[2m:[0m Failed to send response: channel closed
[2m2026-01-22T06:20:01.986909Z[0m [31mERROR[0m [2mglazewm[0m[2m:[0m Failed to send response: channel closed
[2m2026-01-22T22:03:49.136839Z[0m [31mERROR[0m [2mglazewm[0m[2m:[0m No displayed workspace.
[2m2026-01-22T22:04:29.019435Z[0m [31mERROR[0m [2mglazewm[0m[2m:[0m No displayed workspace.
[2m2026-01-22T22:05:00.636928Z[0m [31mERROR[0m [2mglazewm[0m[2m:[0m Another instance of the application is already running.
[2m2026-01-26T21:33:36.796675Z[0m [31mERROR[0m [2mglazewm[0m[2m:[0m No displayed workspace.
[2m2026-01-27T22:27:11.358769Z[0m [31mERROR[0m [2mglazewm[0m[2m:[0m No displayed workspace.
[2m2026-01-28T07:16:28.637547Z[0m [31mERROR[0m [2mglazewm[0m[2m:[0m Failed to send response: channel closed
[2m2026-01-28T07:16:28.644694Z[0m [31mERROR[0m [2mglazewm[0m[2m:[0m Failed to send response: channel closed
[2m2026-01-28T07:16:28.650196Z[0m [31mERROR[0m [2mglazewm[0m[2m:[0m Failed to send response: channel closed
[2m2026-01-28T07:16:28.672523Z[0m [31mERROR[0m [2mglazewm[0m[2m:[0m Failed to send response: channel closed
[2m2026-01-28T07:16:28.740892Z[0m [31mERROR[0m [2mglazewm[0m[2m:[0m Failed to send response: channel closed
[2m2026-01-28T07:16:28.744351Z[0m [31mERROR[0m [2mglazewm[0m[2m:[0m Failed to send response: channel closed
[2m2026-01-28T07:16:28.745204Z[0m [31mERROR[0m [2mglazewm[0m[2m:[0m Failed to send response: channel closed
[2m2026-01-28T07:16:28.813625Z[0m [31mERROR[0m [2mglazewm[0m[2m:[0m Failed to send response: channel closed
[2m2026-01-28T07:16:28.886192Z[0m [31mERROR[0m [2mglazewm[0m[2m:[0m Failed to send response: channel closed
[2m2026-01-28T07:16:28.886742Z[0m [31mERROR[0m [2mglazewm[0m[2m:[0m Failed to send response: channel closed
[2m2026-01-29T21:47:18.029665Z[0m [31mERROR[0m [2mglazewm[0m[2m:[0m No displayed workspace.
[2m2026-02-01T22:45:54.953021Z[0m [31mERROR[0m [2mglazewm[0m[2m:[0m No displayed workspace.
[2m2026-02-01T22:46:25.233710Z[0m [31mERROR[0m [2mglazewm[0m[2m:[0m No displayed workspace.
[2m2026-02-03T22:52:36.335411Z[0m [31mERROR[0m [2mglazewm[0m[2m:[0m No displayed workspace.
[2m2026-02-05T23:12:49.669167Z[0m [31mERROR[0m [2mglazewm[0m[2m:[0m No displayed workspace.
[2m2026-02-10T22:23:07.295631Z[0m [31mERROR[0m [2mglazewm[0m[2m:[0m No displayed workspace.
[2m2026-02-10T23:32:16.955133Z[0m [31mERROR[0m [2mglazewm[0m[2m:[0m Another instance of the application is already running.
[2m2026-02-10T23:33:26.404967Z[0m [31mERROR[0m [2mglazewm[0m[2m:[0m Another instance of the application is already running.
[2m2026-02-11T23:48:09.857535Z[0m [31mERROR[0m [2mglazewm[0m[2m:[0m No displayed workspace.
[2m2026-02-11T23:48:56.844427Z[0m [31mERROR[0m [2mglazewm[0m[2m:[0m No displayed workspace.
[2m2026-02-12T21:55:17.661147Z[0m [31mERROR[0m [2mglazewm[0m[2m:[0m No displayed workspace.
[2m2026-02-12T21:55:54.016679Z[0m [31mERROR[0m [2mglazewm[0m[2m:[0m No displayed workspace.
[2m2026-02-13T05:31:16.802661Z[0m [31mERROR[0m [2mglazewm[0m[2m:[0m Failed to send response: channel closed
[2m2026-02-13T05:31:16.803416Z[0m [31mERROR[0m [2mglazewm[0m[2m:[0m Failed to send response: channel closed
[2m2026-02-13T05:31:16.804777Z[0m [31mERROR[0m [2mglazewm[0m[2m:[0m Failed to send response: channel closed
[2m2026-02-13T05:31:16.805025Z[0m [31mERROR[0m [2mglazewm[0m[2m:[0m Failed to send response: channel closed
[2m2026-02-13T05:31:16.805247Z[0m [31mERROR[0m [2mglazewm[0m[2m:[0m Failed to send response: channel closed
[2m2026-02-13T05:31:16.823002Z[0m [31mERROR[0m [2mglazewm[0m[2m:[0m Failed to send response: channel closed
[2m2026-02-13T05:31:16.824975Z[0m [31mERROR[0m [2mglazewm[0m[2m:[0m Failed to send response: channel closed
[2m2026-02-13T05:31:16.825755Z[0m [31mERROR[0m [2mglazewm[0m[2m:[0m Failed to send response: channel closed
[2m2026-02-13T05:31:16.826024Z[0m [31mERROR[0m [2mglazewm[0m[2m:[0m Failed to send response: channel closed
[2m2026-02-13T05:31:16.826280Z[0m [31mERROR[0m [2mglazewm[0m[2m:[0m Failed to send response: channel closed
[2m2026-02-13T05:31:16.828612Z[0m [31mERROR[0m [2mglazewm[0m[2m:[0m Failed to send response: channel closed
[2m2026-02-13T05:31:16.830083Z[0m [31mERROR[0m [2mglazewm[0m[2m:[0m Failed to send response: channel closed
[2m2026-02-13T05:31:16.834907Z[0m [31mERROR[0m [2mglazewm[0m[2m:[0m Failed to send response: channel closed
[2m2026-02-13T05:31:16.836647Z[0m [31mERROR[0m [2mglazewm[0m[2m:[0m Failed to send response: channel closed
[2m2026-02-13T05:31:16.836904Z[0m [31mERROR[0m [2mglazewm[0m[2m:[0m Failed to send response: channel closed
[2m2026-02-13T05:31:16.837479Z[0m [31mERROR[0m [2mglazewm[0m[2m:[0m Failed to send response: channel closed
[2m2026-02-13T05:31:16.837940Z[0m [31mERROR[0m [2mglazewm[0m[2m:[0m Failed to send response: channel closed
[2m2026-02-13T05:31:16.838453Z[0m [31mERROR[0m [2mglazewm[0m[2m:[0m Failed to send response: channel closed
[2m2026-02-15T23:43:43.880947Z[0m [31mERROR[0m [2mglazewm[0m[2m:[0m No displayed workspace.
[2m2026-02-15T23:48:15.143440Z[0m [31mERROR[0m [2mglazewm[0m[2m:[0m No displayed workspace.
[2m2026-02-16T07:40:45.127105Z[0m [31mERROR[0m [2mglazewm[0m[2m:[0m Failed to send response: channel closed
[2m2026-02-16T07:40:45.128018Z[0m [31mERROR[0m [2mglazewm[0m[2m:[0m Failed to send response: channel closed
[2m2026-02-16T07:40:45.128225Z[0m [31mERROR[0m [2mglazewm[0m[2m:[0m Failed to send response: channel closed
[2m2026-02-16T07:40:45.128391Z[0m [31mERROR[0m [2mglazewm[0m[2m:[0m Failed to send response: channel closed
[2m2026-02-16T22:12:27.366163Z[0m [31mERROR[0m [2mglazewm[0m[2m:[0m No displayed workspace.
[2m2026-02-17T22:23:43.883285Z[0m [31mERROR[0m [2mglazewm[0m[2m:[0m No displayed workspace.
[2m2026-02-18T08:57:11.261820Z[0m [31mERROR[0m [2mglazewm[0m[2m:[0m Failed to send response: channel closed
[2m2026-02-18T08:57:11.883647Z[0m [31mERROR[0m [2mglazewm[0m[2m:[0m Failed to send response: channel closed
[2m2026-02-18T08:57:11.909302Z[0m [31mERROR[0m [2mglazewm[0m[2m:[0m Failed to send response: channel closed
[2m2026-02-18T08:57:11.909745Z[0m [31mERROR[0m [2mglazewm[0m[2m:[0m Failed to send response: channel closed
[2m2026-02-18T08:57:12.539565Z[0m [31mERROR[0m [2mglazewm[0m[2m:[0m Failed to send response: channel closed
[2m2026-02-18T08:57:13.086607Z[0m [31mERROR[0m [2mglazewm[0m[2m:[0m Failed to send response: channel closed
[2m2026-02-18T08:57:13.087614Z[0m [31mERROR[0m [2mglazewm[0m[2m:[0m Failed to send response: channel closed
[2m2026-02-18T08:57:13.089845Z[0m [31mERROR[0m [2mglazewm[0m[2m:[0m Failed to send response: channel closed
[2m2026-02-18T08:57:13.091924Z[0m [31mERROR[0m [2mglazewm[0m[2m:[0m Failed to send response: channel closed
[2m2026-02-18T08:57:13.092300Z[0m [31mERROR[0m [2mglazewm[0m[2m:[0m Failed to send response: channel closed
[2m2026-02-18T08:57:13.092539Z[0m [31mERROR[0m [2mglazewm[0m[2m:[0m Failed to send response: channel closed
[2m2026-02-18T08:57:13.092998Z[0m [31mERROR[0m [2mglazewm[0m[2m:[0m Failed to send response: channel closed
[2m2026-02-18T08:57:13.093560Z[0m [31mERROR[0m [2mglazewm[0m[2m:[0m Failed to send response: channel closed
[2m2026-02-18T08:57:13.095057Z[0m [31mERROR[0m [2mglazewm[0m[2m:[0m Failed to send response: channel closed
[2m2026-02-18T08:57:13.095305Z[0m [31mERROR[0m [2mglazewm[0m[2m:[0m Failed to send response: channel closed
[2m2026-02-18T08:57:13.096120Z[0m [31mERROR[0m [2mglazewm[0m[2m:[0m Failed to send response: channel closed
[2m2026-02-18T08:57:13.096846Z[0m [31mERROR[0m [2mglazewm[0m[2m:[0m Failed to send response: channel closed
[2m2026-02-18T08:57:13.097092Z[0m [31mERROR[0m [2mglazewm[0m[2m:[0m Failed to send response: channel closed
[2m2026-02-18T08:57:13.101023Z[0m [31mERROR[0m [2mglazewm[0m[2m:[0m Failed to send response: channel closed
[2m2026-02-18T08:57:13.119916Z[0m [31mERROR[0m [2mglazewm[0m[2m:[0m Failed to send response: channel closed
[2m2026-02-18T08:57:13.120540Z[0m [31mERROR[0m [2mglazewm[0m[2m:[0m Failed to send response: channel closed
[2m2026-02-18T08:57:13.120815Z[0m [31mERROR[0m [2mglazewm[0m[2m:[0m Failed to send response: channel closed
[2m2026-02-18T08:57:13.121784Z[0m [31mERROR[0m [2mglazewm[0m[2m:[0m Failed to send response: channel closed
[2m2026-02-18T08:57:13.123867Z[0m [31mERROR[0m [2mglazewm[0m[2m:[0m Failed to send response: channel closed
[2m2026-02-18T08:57:13.125154Z[0m [31mERROR[0m [2mglazewm[0m[2m:[0m Failed to send response: channel closed
[2m2026-02-18T08:57:13.125602Z[0m [31mERROR[0m [2mglazewm[0m[2m:[0m Failed to send response: channel closed
[2m2026-02-18T08:57:13.126066Z[0m [31mERROR[0m [2mglazewm[0m[2m:[0m Failed to send response: channel closed
[2m2026-02-18T08:57:13.127698Z[0m [31mERROR[0m [2mglazewm[0m[2m:[0m Failed to send response: channel closed
[2m2026-02-18T08:57:13.128911Z[0m [31mERROR[0m [2mglazewm[0m[2m:[0m Failed to send response: channel closed
[2m2026-02-18T08:57:13.132198Z[0m [31mERROR[0m [2mglazewm[0m[2m:[0m Failed to send response: channel closed
[2m2026-02-18T08:57:13.135043Z[0m [31mERROR[0m [2mglazewm[0m[2m:[0m Failed to send response: channel closed
[2m2026-02-18T08:57:13.142794Z[0m [31mERROR[0m [2mglazewm[0m[2m:[0m Failed to send response: channel closed
[2m2026-02-18T08:57:13.146780Z[0m [31mERROR[0m [2mglazewm[0m[2m:[0m Failed to send response: channel closed
[2m2026-02-18T08:57:13.148935Z[0m [31mERROR[0m [2mglazewm[0m[2m:[0m Failed to send response: channel closed
[2m2026-02-18T08:57:13.151760Z[0m [31mERROR[0m [2mglazewm[0m[2m:[0m Failed to send response: channel closed
[2m2026-02-18T08:57:13.152704Z[0m [31mERROR[0m [2mglazewm[0m[2m:[0m Failed to send response: channel closed
[2m2026-02-18T08:57:13.153015Z[0m [31mERROR[0m [2mglazewm[0m[2m:[0m Failed to send response: channel closed
[2m2026-02-18T08:57:13.155346Z[0m [31mERROR[0m [2mglazewm[0m[2m:[0m Failed to send response: channel closed
[2m2026-02-18T08:57:13.157755Z[0m [31mERROR[0m [2mglazewm[0m[2m:[0m Failed to send response: channel closed
[2m2026-02-18T08:57:13.158245Z[0m [31mERROR[0m [2mglazewm[0m[2m:[0m Failed to send response: channel closed
[2m2026-02-18T08:57:13.158689Z[0m [31mERROR[0m [2mglazewm[0m[2m:[0m Failed to send response: channel closed
[2m2026-02-18T08:57:13.159367Z[0m [31mERROR[0m [2mglazewm[0m[2m:[0m Failed to send response: channel closed
[2m2026-02-18T08:57:13.159675Z[0m [31mERROR[0m [2mglazewm[0m[2m:[0m Failed to send response: channel closed
[2m2026-02-18T08:57:13.160702Z[0m [31mERROR[0m [2mglazewm[0m[2m:[0m Failed to send response: channel closed
[2m2026-02-18T08:57:13.163115Z[0m [31mERROR[0m [2mglazewm[0m[2m:[0m Failed to send response: channel closed
[2m2026-02-18T08:57:13.163784Z[0m [31mERROR[0m [2mglazewm[0m[2m:[0m Failed to send response: channel closed
[2m2026-02-18T08:57:13.165533Z[0m [31mERROR[0m [2mglazewm[0m[2m:[0m Failed to send response: channel closed
[2m2026-02-18T22:15:03.494103Z[0m [31mERROR[0m [2mglazewm[0m[2m:[0m No displayed workspace.
[2m2026-02-19T08:56:27.786472Z[0m [31mERROR[0m [2mglazewm[0m[2m:[0m Failed to send response: channel closed
[2m2026-02-19T08:56:27.821503Z[0m [31mERROR[0m [2mglazewm[0m[2m:[0m Failed to send response: channel closed
[2m2026-02-19T08:56:28.450913Z[0m [31mERROR[0m [2mglazewm[0m[2m:[0m Failed to send response: channel closed
[2m2026-02-19T08:56:28.451266Z[0m [31mERROR[0m [2mglazewm[0m[2m:[0m Failed to send response: channel closed
[2m2026-02-19T21:51:08.262053Z[0m [31mERROR[0m [2mglazewm[0m[2m:[0m No displayed workspace.
[2m2026-02-19T21:51:53.113324Z[0m [31mERROR[0m [2mglazewm[0m[2m:[0m No displayed workspace.
[2m2026-02-20T05:34:11.455248Z[0m [31mERROR[0m [2mglazewm[0m[2m:[0m Failed to send response: channel closed
[2m2026-02-20T05:34:11.456179Z[0m [31mERROR[0m [2mglazewm[0m[2m:[0m Failed to send response: channel closed
[2m2026-02-20T05:50:01.761331Z[0m [31mERROR[0m [2mglazewm[0m[2m:[0m Failed to send response: channel closed
[2m2026-02-20T05:50:01.764528Z[0m [31mERROR[0m [2mglazewm[0m[2m:[0m Failed to send response: channel closed
[2m2026-02-20T05:50:01.765974Z[0m [31mERROR[0m [2mglazewm[0m[2m:[0m Failed to send response: channel closed
[2m2026-02-20T05:50:01.766765Z[0m [31mERROR[0m [2mglazewm[0m[2m:[0m Failed to send response: channel closed
[2m2026-02-20T05:50:01.767328Z[0m [31mERROR[0m [2mglazewm[0m[2m:[0m Failed to send response: channel closed
[2m2026-02-20T05:50:01.767586Z[0m [31mERROR[0m [2mglazewm[0m[2m:[0m Failed to send response: channel closed
[2m2026-02-20T05:50:01.769860Z[0m [31mERROR[0m [2mglazewm[0m[2m:[0m Failed to send response: channel closed
[2m2026-02-20T05:50:01.773602Z[0m [31mERROR[0m [2mglazewm[0m[2m:[0m Failed to send response: channel closed
[2m2026-02-20T05:50:01.778212Z[0m [31mERROR[0m [2mglazewm[0m[2m:[0m Failed to send response: channel closed
[2m2026-02-20T05:50:01.778549Z[0m [31mERROR[0m [2mglazewm[0m[2m:[0m Failed to send response: channel closed
[2m2026-02-20T05:50:01.779259Z[0m [31mERROR[0m [2mglazewm[0m[2m:[0m Failed to send response: channel closed
[2m2026-02-20T05:50:01.780380Z[0m [31mERROR[0m [2mglazewm[0m[2m:[0m Failed to send response: channel closed
[2m2026-02-20T05:50:01.780632Z[0m [31mERROR[0m [2mglazewm[0m[2m:[0m Failed to send response: channel closed
[2m2026-02-20T05:50:01.781978Z[0m [31mERROR[0m [2mglazewm[0m[2m:[0m Failed to send response: channel closed
[2m2026-02-20T05:50:01.784046Z[0m [31mERROR[0m [2mglazewm[0m[2m:[0m Failed to send response: channel closed
[2m2026-02-20T05:50:01.812009Z[0m [31mERROR[0m [2mglazewm[0m[2m:[0m Failed to send response: channel closed
[2m2026-02-20T05:50:01.813294Z[0m [31mERROR[0m [2mglazewm[0m[2m:[0m Failed to send response: channel closed
[2m2026-02-20T05:50:01.839795Z[0m [31mERROR[0m [2mglazewm[0m[2m:[0m Failed to send response: channel closed
[2m2026-02-20T05:50:01.840064Z[0m [31mERROR[0m [2mglazewm[0m[2m:[0m Failed to send response: channel closed
[2m2026-02-22T22:56:08.081069Z[0m [31mERROR[0m [2mglazewm[0m[2m:[0m No displayed workspace.
[2m2026-02-23T08:34:01.846330Z[0m [31mERROR[0m [2mglazewm[0m[2m:[0m Failed to send response: channel closed
[2m2026-02-23T08:34:03.265554Z[0m [31mERROR[0m [2mglazewm[0m[2m:[0m Failed to send response: channel closed
[2m2026-02-23T08:34:03.265695Z[0m [31mERROR[0m [2mglazewm[0m[2m:[0m Failed to send response: channel closed
[2m2026-02-23T08:34:03.265926Z[0m [31mERROR[0m [2mglazewm[0m[2m:[0m Failed to send response: channel closed
[2m2026-02-23T22:37:39.122361Z[0m [31mERROR[0m [2mglazewm[0m[2m:[0m No displayed workspace.
[2m2026-02-24T05:55:50.379947Z[0m [31mERROR[0m [2mglazewm[0m[2m:[0m Failed to send response: channel closed
[2m2026-02-24T05:55:50.381016Z[0m [31mERROR[0m [2mglazewm[0m[2m:[0m Failed to send response: channel closed
[2m2026-02-24T05:55:50.390261Z[0m [31mERROR[0m [2mglazewm[0m[2m:[0m Failed to send response: channel closed
[2m2026-02-24T05:55:50.391258Z[0m [31mERROR[0m [2mglazewm[0m[2m:[0m Failed to send response: channel closed
[2m2026-02-24T05:55:50.398379Z[0m [31mERROR[0m [2mglazewm[0m[2m:[0m Failed to send response: channel closed
[2m2026-02-24T05:55:50.399226Z[0m [31mERROR[0m [2mglazewm[0m[2m:[0m Failed to send response: channel closed
[2m2026-02-24T05:55:50.399410Z[0m [31mERROR[0m [2mglazewm[0m[2m:[0m Failed to send response: channel closed
[2m2026-02-24T05:55:50.399710Z[0m [31mERROR[0m [2mglazewm[0m[2m:[0m Failed to send response: channel closed
[2m2026-02-24T05:55:50.400991Z[0m [31mERROR[0m [2mglazewm[0m[2m:[0m Failed to send response: channel closed
[2m2026-02-24T05:55:50.426067Z[0m [31mERROR[0m [2mglazewm[0m[2m:[0m Failed to send response: channel closed
[2m2026-02-24T05:55:50.426596Z[0m [31mERROR[0m [2mglazewm[0m[2m:[0m Failed to send response: channel closed
[2m2026-02-24T05:55:50.445811Z[0m [31mERROR[0m [2mglazewm[0m[2m:[0m Failed to send response: channel closed
[2m2026-02-24T05:55:50.446377Z[0m [31mERROR[0m [2mglazewm[0m[2m:[0m Failed to send response: channel closed
[2m2026-02-24T05:55:50.456593Z[0m [31mERROR[0m [2mglazewm[0m[2m:[0m Failed to send response: channel closed
[2m2026-02-24T05:55:50.456980Z[0m [31mERROR[0m [2mglazewm[0m[2m:[0m Failed to send response: channel closed
[2m2026-02-24T05:55:50.469715Z[0m [31mERROR[0m [2mglazewm[0m[2m:[0m Failed to send response: channel closed
[2m2026-03-05T22:25:01.379526Z[0m [31mERROR[0m [2mglazewm[0m[2m:[0m No displayed workspace.
[2m2026-03-05T22:27:54.957900Z[0m [31mERROR[0m [2mglazewm[0m[2m:[0m No displayed workspace.
[2m2026-03-06T03:51:26.039543Z[0m [31mERROR[0m [2mglazewm[0m[2m:[0m Failed to send response: channel closed
[2m2026-03-06T03:51:26.040158Z[0m [31mERROR[0m [2mglazewm[0m[2m:[0m Failed to send response: channel closed
[2m2026-03-06T03:51:26.040398Z[0m [31mERROR[0m [2mglazewm[0m[2m:[0m Failed to send response: channel closed
[2m2026-03-09T23:18:33.486015Z[0m [31mERROR[0m [2mglazewm[0m[2m:[0m No displayed workspace.
[2m2026-03-10T22:37:12.677832Z[0m [31mERROR[0m [2mglazewm[0m[2m:[0m No displayed workspace.
[2m2026-03-10T22:38:15.962518Z[0m [31mERROR[0m [2mglazewm[0m[2m:[0m No displayed workspace.
[2m2026-03-10T23:25:21.561636Z[0m [31mERROR[0m [2mglazewm[0m[2m:[0m Failed to send response: channel closed
[2m2026-03-10T23:25:21.954196Z[0m [31mERROR[0m [2mglazewm[0m[2m:[0m Failed to send response: channel closed
[2m2026-03-10T23:25:21.961161Z[0m [31mERROR[0m [2mglazewm[0m[2m:[0m Failed to send response: channel closed
[2m2026-03-10T23:25:21.964388Z[0m [31mERROR[0m [2mglazewm[0m[2m:[0m Failed to send response: channel closed
[2m2026-03-10T23:25:21.987568Z[0m [31mERROR[0m [2mglazewm[0m[2m:[0m Failed to send response: channel closed
[2m2026-03-10T23:25:21.987864Z[0m [31mERROR[0m [2mglazewm[0m[2m:[0m Failed to send response: channel closed
[2m2026-03-10T23:25:21.988033Z[0m [31mERROR[0m [2mglazewm[0m[2m:[0m Failed to send response: channel closed
[2m2026-03-10T23:25:21.988348Z[0m [31mERROR[0m [2mglazewm[0m[2m:[0m Failed to send response: channel closed
[2m2026-03-10T23:25:21.989963Z[0m [31mERROR[0m [2mglazewm[0m[2m:[0m Failed to send response: channel closed
[2m2026-03-10T23:25:21.990425Z[0m [31mERROR[0m [2mglazewm[0m[2m:[0m Failed to send response: channel closed
[2m2026-03-10T23:25:21.991091Z[0m [31mERROR[0m [2mglazewm[0m[2m:[0m Failed to send response: channel closed
[2m2026-03-10T23:25:28.690094Z[0m [31mERROR[0m [2mglazewm[0m[2m:[0m No displayed workspace.
[2m2026-03-10T23:25:51.583719Z[0m [31mERROR[0m [2mglazewm[0m[2m:[0m No displayed workspace.
[2m2026-03-10T23:26:01.178897Z[0m [31mERROR[0m [2mglazewm[0m[2m:[0m Another instance of the application is already running.
[2m2026-03-12T09:10:44.630399Z[0m [31mERROR[0m [2mglazewm[0m[2m:[0m Failed to send response: channel closed
[2m2026-03-12T09:10:44.960626Z[0m [31mERROR[0m [2mglazewm[0m[2m:[0m Failed to send response: channel closed
[2m2026-03-12T09:10:44.971655Z[0m [31mERROR[0m [2mglazewm[0m[2m:[0m Failed to send response: channel closed
[2m2026-03-12T09:10:44.971939Z[0m [31mERROR[0m [2mglazewm[0m[2m:[0m Failed to send response: channel closed
[2m2026-03-12T09:10:44.975422Z[0m [31mERROR[0m [2mglazewm[0m[2m:[0m Failed to send response: channel closed
[2m2026-03-12T09:10:44.977819Z[0m [31mERROR[0m [2mglazewm[0m[2m:[0m Failed to send response: channel closed
[2m2026-03-12T09:10:44.979150Z[0m [31mERROR[0m [2mglazewm[0m[2m:[0m Failed to send response: channel closed
[2m2026-03-12T09:10:44.979397Z[0m [31mERROR[0m [2mglazewm[0m[2m:[0m Failed to send response: channel closed
[2m2026-03-12T09:10:44.980311Z[0m [31mERROR[0m [2mglazewm[0m[2m:[0m Failed to send response: channel closed
[2m2026-03-12T09:10:46.424321Z[0m [31mERROR[0m [2mglazewm[0m[2m:[0m Failed to send response: channel closed
[2m2026-03-12T09:10:46.709657Z[0m [31mERROR[0m [2mglazewm[0m[2m:[0m Failed to send response: channel closed
[2m2026-03-12T09:10:46.710080Z[0m [31mERROR[0m [2mglazewm[0m[2m:[0m Failed to send response: channel closed
[2m2026-03-12T22:05:57.882635Z[0m [31mERROR[0m [2mglazewm[0m[2m:[0m No displayed workspace.
[2m2026-03-13T09:11:19.272565Z[0m [31mERROR[0m [2mglazewm[0m[2m:[0m Failed to send response: channel closed
[2m2026-03-13T09:11:19.330383Z[0m [31mERROR[0m [2mglazewm[0m[2m:[0m Failed to send response: channel closed
[2m2026-03-13T09:11:19.330679Z[0m [31mERROR[0m [2mglazewm[0m[2m:[0m Failed to send response: channel closed
[2m2026-03-13T09:11:19.331237Z[0m [31mERROR[0m [2mglazewm[0m[2m:[0m Failed to send response: channel closed
[2m2026-03-13T09:11:19.331792Z[0m [31mERROR[0m [2mglazewm[0m[2m:[0m Failed to send response: channel closed
[2m2026-03-13T09:11:19.336289Z[0m [31mERROR[0m [2mglazewm[0m[2m:[0m Failed to send response: channel closed
[2m2026-03-13T09:11:19.341380Z[0m [31mERROR[0m [2mglazewm[0m[2m:[0m Failed to send response: channel closed
[2m2026-03-13T09:11:19.347802Z[0m [31mERROR[0m [2mglazewm[0m[2m:[0m Failed to send response: channel closed
[2m2026-03-13T09:11:19.351486Z[0m [31mERROR[0m [2mglazewm[0m[2m:[0m Failed to send response: channel closed
[2m2026-03-17T22:02:12.966037Z[0m [31mERROR[0m [2mglazewm[0m[2m:[0m No displayed workspace.
[2m2026-03-18T06:21:01.009940Z[0m [31mERROR[0m [2mglazewm[0m[2m:[0m Failed to send response: channel closed
[2m2026-03-18T06:21:01.105761Z[0m [31mERROR[0m [2mglazewm[0m[2m:[0m Failed to send response: channel closed
[2m2026-03-18T06:21:01.107873Z[0m [31mERROR[0m [2mglazewm[0m[2m:[0m Failed to send response: channel closed
[2m2026-03-18T06:21:01.127702Z[0m [31mERROR[0m [2mglazewm[0m[2m:[0m Failed to send response: channel closed
[2m2026-03-22T23:57:36.950587Z[0m [31mERROR[0m [2mglazewm[0m[2m:[0m No displayed workspace.
[2m2026-03-24T05:56:22.701757Z[0m [31mERROR[0m [2mglazewm[0m[2m:[0m Failed to send response: channel closed
[2m2026-03-24T05:56:22.704634Z[0m [31mERROR[0m [2mglazewm[0m[2m:[0m Failed to send response: channel closed
[2m2026-03-24T05:56:22.720468Z[0m [31mERROR[0m [2mglazewm[0m[2m:[0m Failed to send response: channel closed
[2m2026-03-24T05:56:22.906252Z[0m [31mERROR[0m [2mglazewm[0m[2m:[0m Failed to send response: channel closed
[2m2026-03-24T05:56:22.939932Z[0m [31mERROR[0m [2mglazewm[0m[2m:[0m Failed to send response: channel closed
[2m2026-03-24T05:56:22.940271Z[0m [31mERROR[0m [2mglazewm[0m[2m:[0m Failed to send response: channel closed
[2m2026-03-24T05:56:22.949498Z[0m [31mERROR[0m [2mglazewm[0m[2m:[0m Failed to send response: channel closed
[2m2026-03-24T05:56:23.448389Z[0m [31mERROR[0m [2mglazewm[0m[2m:[0m Failed to send response: channel closed
[2m2026-03-24T05:56:23.448832Z[0m [31mERROR[0m [2mglazewm[0m[2m:[0m Failed to send response: channel closed
[2m2026-03-24T05:56:23.449214Z[0m [31mERROR[0m [2mglazewm[0m[2m:[0m Failed to send response: channel closed
[2m2026-03-24T05:56:23.452556Z[0m [31mERROR[0m [2mglazewm[0m[2m:[0m Failed to send response: channel closed
[2m2026-03-24T05:56:23.455406Z[0m [31mERROR[0m [2mglazewm[0m[2m:[0m Failed to send response: channel closed
[2m2026-03-24T05:56:23.876611Z[0m [31mERROR[0m [2mglazewm[0m[2m:[0m Failed to send response: channel closed
[2m2026-03-24T05:56:23.876842Z[0m [31mERROR[0m [2mglazewm[0m[2m:[0m Failed to send response: channel closed
[2m2026-03-24T05:56:23.962950Z[0m [31mERROR[0m [2mglazewm[0m[2m:[0m Failed to send response: channel closed
[2m2026-03-24T05:56:24.072318Z[0m [31mERROR[0m [2mglazewm[0m[2m:[0m Failed to send response: channel closed
[2m2026-03-24T05:56:26.360577Z[0m [31mERROR[0m [2mglazewm[0m[2m:[0m Failed to send response: channel closed
[2m2026-03-24T05:56:26.360893Z[0m [31mERROR[0m [2mglazewm[0m[2m:[0m Failed to send response: channel closed
[2m2026-03-24T05:56:26.363218Z[0m [31mERROR[0m [2mglazewm[0m[2m:[0m Failed to send response: channel closed
[2m2026-03-24T05:56:26.363972Z[0m [31mERROR[0m [2mglazewm[0m[2m:[0m Failed to send response: channel closed
[2m2026-03-24T05:56:26.364248Z[0m [31mERROR[0m [2mglazewm[0m[2m:[0m Failed to send response: channel closed
[2m2026-03-24T05:56:26.366687Z[0m [31mERROR[0m [2mglazewm[0m[2m:[0m Failed to send response: channel closed
[2m2026-03-24T05:56:26.366966Z[0m [31mERROR[0m [2mglazewm[0m[2m:[0m Failed to send response: channel closed
[2m2026-03-24T05:56:26.367149Z[0m [31mERROR[0m [2mglazewm[0m[2m:[0m Failed to send response: channel closed
[2m2026-03-24T05:56:26.367367Z[0m [31mERROR[0m [2mglazewm[0m[2m:[0m Failed to send response: channel closed
[2m2026-03-24T05:56:26.367527Z[0m [31mERROR[0m [2mglazewm[0m[2m:[0m Failed to send response: channel closed
[2m2026-03-24T22:41:31.122591Z[0m [31mERROR[0m [2mglazewm[0m[2m:[0m No displayed workspace.
[2m2026-03-24T22:42:29.193625Z[0m [31mERROR[0m [2mglazewm[0m[2m:[0m No displayed workspace.
[2m2026-03-26T06:35:31.300170Z[0m [31mERROR[0m [2mglazewm[0m[2m:[0m Failed to send response: channel closed
[2m2026-03-26T06:35:31.317647Z[0m [31mERROR[0m [2mglazewm[0m[2m:[0m Failed to send response: channel closed
[2m2026-03-26T06:35:31.327139Z[0m [31mERROR[0m [2mglazewm[0m[2m:[0m Failed to send response: channel closed
[2m2026-03-26T06:35:31.328684Z[0m [31mERROR[0m [2mglazewm[0m[2m:[0m Failed to send response: channel closed
[2m2026-03-26T06:35:31.330144Z[0m [31mERROR[0m [2mglazewm[0m[2m:[0m Failed to send response: channel closed
[2m2026-03-26T06:35:31.348638Z[0m [31mERROR[0m [2mglazewm[0m[2m:[0m Failed to send response: channel closed
[2m2026-03-26T06:35:31.348948Z[0m [31mERROR[0m [2mglazewm[0m[2m:[0m Failed to send response: channel closed
[2m2026-03-26T06:35:31.349086Z[0m [31mERROR[0m [2mglazewm[0m[2m:[0m Failed to send response: channel closed
[2m2026-03-26T06:35:31.353809Z[0m [31mERROR[0m [2mglazewm[0m[2m:[0m Failed to send response: channel closed
[2m2026-03-26T06:35:31.357630Z[0m [31mERROR[0m [2mglazewm[0m[2m:[0m Failed to send response: channel closed
[2m2026-03-26T06:35:31.433186Z[0m [31mERROR[0m [2mglazewm[0m[2m:[0m Failed to send response: channel closed
[2m2026-03-26T06:35:31.438528Z[0m [31mERROR[0m [2mglazewm[0m[2m:[0m Failed to send response: channel closed
[2m2026-03-26T06:35:31.440017Z[0m [31mERROR[0m [2mglazewm[0m[2m:[0m Failed to send response: channel closed
[2m2026-03-26T06:35:31.458368Z[0m [31mERROR[0m [2mglazewm[0m[2m:[0m Failed to send response: channel closed
[2m2026-03-26T06:35:31.458740Z[0m [31mERROR[0m [2mglazewm[0m[2m:[0m Failed to send response: channel closed
[2m2026-03-30T22:25:53.019256Z[0m [31mERROR[0m [2mglazewm[0m[2m:[0m No displayed workspace.
[2m2026-03-31T06:02:09.386353Z[0m [31mERROR[0m [2mglazewm[0m[2m:[0m Failed to send response: channel closed
[2m2026-03-31T06:02:09.693296Z[0m [31mERROR[0m [2mglazewm[0m[2m:[0m Failed to send response: channel closed
[2m2026-03-31T06:02:09.917382Z[0m [31mERROR[0m [2mglazewm[0m[2m:[0m Failed to send response: channel closed
[2m2026-03-31T06:02:09.917720Z[0m [31mERROR[0m [2mglazewm[0m[2m:[0m Failed to send response: channel closed
[2m2026-03-31T06:02:09.917946Z[0m [31mERROR[0m [2mglazewm[0m[2m:[0m Failed to send response: channel closed
[2m2026-03-31T06:02:09.918145Z[0m [31mERROR[0m [2mglazewm[0m[2m:[0m Failed to send response: channel closed
[2m2026-03-31T06:02:09.943456Z[0m [31mERROR[0m [2mglazewm[0m[2m:[0m Failed to send response: channel closed
[2m2026-03-31T06:02:09.943711Z[0m [31mERROR[0m [2mglazewm[0m[2m:[0m Failed to send response: channel closed
[2m2026-03-31T06:02:09.963451Z[0m [31mERROR[0m [2mglazewm[0m[2m:[0m Failed to send response: channel closed
[2m2026-03-31T06:02:09.963801Z[0m [31mERROR[0m [2mglazewm[0m[2m:[0m Failed to send response: channel closed
[2m2026-03-31T06:02:09.963979Z[0m [31mERROR[0m [2mglazewm[0m[2m:[0m Failed to send response: channel closed
[2m2026-03-31T06:02:09.964229Z[0m [31mERROR[0m [2mglazewm[0m[2m:[0m Failed to send response: channel closed
[2m2026-03-31T06:02:09.964370Z[0m [31mERROR[0m [2mglazewm[0m[2m:[0m Failed to send response: channel closed
[2m2026-03-31T06:02:09.964546Z[0m [31mERROR[0m [2mglazewm[0m[2m:[0m Failed to send response: channel closed
[2m2026-04-12T23:08:31.698162Z[0m [31mERROR[0m [2mglazewm[0m[2m:[0m No displayed workspace.
[2m2026-04-13T07:23:21.479045Z[0m [31mERROR[0m [2mglazewm[0m[2m:[0m Failed to send response: channel closed
[2m2026-04-13T07:23:21.479710Z[0m [31mERROR[0m [2mglazewm[0m[2m:[0m Failed to send response: channel closed
[2m2026-04-13T07:23:21.479857Z[0m [31mERROR[0m [2mglazewm[0m[2m:[0m Failed to send response: channel closed
[2m2026-04-15T08:03:29.510689Z[0m [31mERROR[0m [2mglazewm[0m[2m:[0m Failed to send response: channel closed
[2m2026-04-15T08:03:29.520569Z[0m [31mERROR[0m [2mglazewm[0m[2m:[0m Failed to send response: channel closed
[2m2026-04-15T08:03:29.534052Z[0m [31mERROR[0m [2mglazewm[0m[2m:[0m Failed to send response: channel closed
[2m2026-04-17T06:36:52.971888Z[0m [31mERROR[0m [2mglazewm[0m[2m:[0m Failed to send response: channel closed
[2m2026-04-17T06:36:52.973195Z[0m [31mERROR[0m [2mglazewm[0m[2m:[0m Failed to send response: channel closed
[2m2026-04-17T06:36:52.973575Z[0m [31mERROR[0m [2mglazewm[0m[2m:[0m Failed to send response: channel closed
[2m2026-04-19T22:57:04.819602Z[0m [31mERROR[0m [2mglazewm[0m[2m:[0m No displayed workspace.
[2m2026-04-19T23:08:31.254415Z[0m [31mERROR[0m [2mglazewm[0m[2m:[0m No displayed workspace.
[2m2026-04-20T23:49:25.272270Z[0m [31mERROR[0m [2mglazewm[0m[2m:[0m No displayed workspace.
[2m2026-04-20T23:50:08.658754Z[0m [31mERROR[0m [2mglazewm[0m[2m:[0m No displayed workspace.
[2m2026-04-20T23:50:18.187244Z[0m [31mERROR[0m [2mglazewm[0m[2m:[0m Failed to send response: channel closed
[2m2026-04-20T23:50:18.187402Z[0m [31mERROR[0m [2mglazewm[0m[2m:[0m Failed to send response: channel closed
[2m2026-04-20T23:51:18.200297Z[0m [31mERROR[0m [2mglazewm[0m[2m:[0m Another instance of the application is already running.
[2m2026-04-20T23:51:20.777004Z[0m [31mERROR[0m [2mglazewm[0m[2m:[0m Another instance of the application is already running.
[2m2026-04-21T23:20:34.913132Z[0m [31mERROR[0m [2mglazewm[0m[2m:[0m No displayed workspace.
[2m2026-04-23T08:07:17.762160Z[0m [31mERROR[0m [2mglazewm[0m[2m:[0m Failed to send response: channel closed
[2m2026-04-23T08:07:17.763273Z[0m [31mERROR[0m [2mglazewm[0m[2m:[0m Failed to send response: channel closed
[2m2026-04-23T08:07:20.156228Z[0m [31mERROR[0m [2mglazewm[0m[2m:[0m Failed to send response: channel closed
[2m2026-04-23T08:07:20.156487Z[0m [31mERROR[0m [2mglazewm[0m[2m:[0m Failed to send response: channel closed
[2m2026-04-23T08:07:21.851801Z[0m [31mERROR[0m [2mglazewm[0m[2m:[0m Failed to send response: channel closed
[2m2026-04-23T08:07:21.882249Z[0m [31mERROR[0m [2mglazewm[0m[2m:[0m Failed to send response: channel closed
[2m2026-04-23T08:07:21.888671Z[0m [31mERROR[0m [2mglazewm[0m[2m:[0m Failed to send response: channel closed
[2m2026-04-23T08:07:21.889634Z[0m [31mERROR[0m [2mglazewm[0m[2m:[0m Failed to send response: channel closed
[2m2026-04-23T08:07:21.902256Z[0m [31mERROR[0m [2mglazewm[0m[2m:[0m Failed to send response: channel closed
[2m2026-04-23T08:07:21.902448Z[0m [31mERROR[0m [2mglazewm[0m[2m:[0m Failed to send response: channel closed
[2m2026-04-23T08:07:21.902611Z[0m [31mERROR[0m [2mglazewm[0m[2m:[0m Failed to send response: channel closed
[2m2026-04-23T08:07:21.902819Z[0m [31mERROR[0m [2mglazewm[0m[2m:[0m Failed to send response: channel closed
[2m2026-04-23T08:07:21.918212Z[0m [31mERROR[0m [2mglazewm[0m[2m:[0m Failed to send response: channel closed
[2m2026-04-23T08:07:21.923718Z[0m [31mERROR[0m [2mglazewm[0m[2m:[0m Failed to send response: channel closed
[2m2026-04-23T08:07:21.924470Z[0m [31mERROR[0m [2mglazewm[0m[2m:[0m Failed to send response: channel closed
[2m2026-04-23T08:07:21.983051Z[0m [31mERROR[0m [2mglazewm[0m[2m:[0m Failed to send response: channel closed
[2m2026-04-23T08:07:21.983653Z[0m [31mERROR[0m [2mglazewm[0m[2m:[0m Failed to send response: channel closed
[2m2026-04-23T08:07:21.992192Z[0m [31mERROR[0m [2mglazewm[0m[2m:[0m Failed to send response: channel closed
[2m2026-04-23T08:07:21.993240Z[0m [31mERROR[0m [2mglazewm[0m[2m:[0m Failed to send response: channel closed
[2m2026-04-23T08:07:21.998537Z[0m [31mERROR[0m [2mglazewm[0m[2m:[0m Failed to send response: channel closed
[2m2026-04-23T08:07:22.015280Z[0m [31mERROR[0m [2mglazewm[0m[2m:[0m Failed to send response: channel closed
[2m2026-04-23T08:07:22.027762Z[0m [31mERROR[0m [2mglazewm[0m[2m:[0m Failed to send response: channel closed
[2m2026-04-23T08:07:22.027931Z[0m [31mERROR[0m [2mglazewm[0m[2m:[0m Failed to send response: channel closed
[2m2026-04-23T08:07:22.028064Z[0m [31mERROR[0m [2mglazewm[0m[2m:[0m Failed to send response: channel closed
[2m2026-04-23T08:07:22.030444Z[0m [31mERROR[0m [2mglazewm[0m[2m:[0m Failed to send response: channel closed
[2m2026-04-23T23:18:06.470890Z[0m [31mERROR[0m [2mglazewm[0m[2m:[0m No displayed workspace.
[2m2026-04-24T01:01:13.710708Z[0m [31mERROR[0m [2mglazewm[0m[2m:[0m No displayed workspace.
[2m2026-04-24T01:01:46.092121Z[0m [31mERROR[0m [2mglazewm[0m[2m:[0m Another instance of the application is already running.
[2m2026-04-26T23:43:11.868930Z[0m [31mERROR[0m [2mglazewm[0m[2m:[0m No displayed workspace.
[2m2026-04-27T23:04:42.771150Z[0m [31mERROR[0m [2mglazewm[0m[2m:[0m No displayed workspace.
[2m2026-04-28T06:46:05.058637Z[0m [31mERROR[0m [2mglazewm[0m[2m:[0m Failed to send response: channel closed
[2m2026-04-28T06:46:05.518377Z[0m [31mERROR[0m [2mglazewm[0m[2m:[0m Failed to send response: channel closed
[2m2026-04-28T06:47:34.428198Z[0m [31mERROR[0m [2mglazewm[0m[2m:[0m Failed to send response: channel closed
[2m2026-04-28T06:47:34.430811Z[0m [31mERROR[0m [2mglazewm[0m[2m:[0m Failed to send response: channel closed
[2m2026-04-28T06:47:34.454755Z[0m [31mERROR[0m [2mglazewm[0m[2m:[0m Failed to send response: channel closed
[2m2026-04-28T06:47:34.454996Z[0m [31mERROR[0m [2mglazewm[0m[2m:[0m Failed to send response: channel closed
[2m2026-04-28T06:47:34.496897Z[0m [31mERROR[0m [2mglazewm[0m[2m:[0m Failed to send response: channel closed
[2m2026-04-28T06:47:34.599112Z[0m [31mERROR[0m [2mglazewm[0m[2m:[0m Failed to send response: channel closed
[2m2026-04-28T06:47:34.599490Z[0m [31mERROR[0m [2mglazewm[0m[2m:[0m Failed to send response: channel closed
[2m2026-04-28T06:47:34.599820Z[0m [31mERROR[0m [2mglazewm[0m[2m:[0m Failed to send response: channel closed
[2m2026-04-28T06:47:34.600132Z[0m [31mERROR[0m [2mglazewm[0m[2m:[0m Failed to send response: channel closed
[2m2026-04-28T06:47:35.077781Z[0m [31mERROR[0m [2mglazewm[0m[2m:[0m Failed to send response: channel closed
[2m2026-04-28T06:47:35.078006Z[0m [31mERROR[0m [2mglazewm[0m[2m:[0m Failed to send response: channel closed
[2m2026-04-28T06:47:35.078665Z[0m [31mERROR[0m [2mglazewm[0m[2m:[0m Failed to send response: channel closed
[2m2026-04-28T06:47:35.078876Z[0m [31mERROR[0m [2mglazewm[0m[2m:[0m Failed to send response: channel closed
[2m2026-04-28T06:47:35.364668Z[0m [31mERROR[0m [2mglazewm[0m[2m:[0m Failed to send response: channel closed
[2m2026-04-28T23:00:37.758892Z[0m [31mERROR[0m [2mglazewm[0m[2m:[0m No displayed workspace.
[2m2026-04-28T23:02:32.601636Z[0m [31mERROR[0m [2mglazewm[0m[2m:[0m Another instance of the application is already running.
[2m2026-04-29T23:18:49.242657Z[0m [31mERROR[0m [2mglazewm[0m[2m:[0m No displayed workspace.
[2m2026-04-29T23:19:51.844670Z[0m [31mERROR[0m [2mglazewm[0m[2m:[0m No displayed workspace.
[2m2026-05-03T23:17:46.968990Z[0m [31mERROR[0m [2mglazewm[0m[2m:[0m No displayed workspace.
[2m2026-05-03T23:19:45.258495Z[0m [31mERROR[0m [2mglazewm[0m[2m:[0m No displayed workspace.
[2m2026-05-06T00:36:24.092761Z[0m [31mERROR[0m [2mglazewm[0m[2m:[0m Failed to send response: channel closed
[2m2026-05-06T00:36:24.098178Z[0m [31mERROR[0m [2mglazewm[0m[2m:[0m Failed to send response: channel closed
[2m2026-05-07T11:21:07.995376Z[0m [31mERROR[0m [2mglazewm[0m[2m:[0m Access is denied. (0x80070005)
[2m2026-05-09T09:06:15.976596Z[0m [31mERROR[0m [2mglazewm[0m[2m:[0m Access is denied. (0x80070005)
[2m2026-05-13T23:11:24.915308Z[0m [31mERROR[0m [2mglazewm[0m[2m:[0m Access is denied. (0x80070005)
[2m2026-05-15T00:12:14.246372Z[0m [31mERROR[0m [2mglazewm[0m[2m:[0m Platform error: Another instance of the application is already running.
[2m2026-05-17T06:02:21.792368Z[0m [31mERROR[0m [2mglazewm[0m[2m:[0m Access is denied. (0x80070005)
[2m2026-05-18T06:15:30.856211Z[0m [31mERROR[0m [2mglazewm[0m[2m:[0m Access is denied. (0x80070005)
[2m2026-05-21T10:44:26.165331Z[0m [31mERROR[0m [2mglazewm[0m[2m:[0m Access is denied. (0x80070005)
[2m2026-05-26T09:47:40.488766Z[0m [31mERROR[0m [2mglazewm[0m[2m:[0m Platform error: Another instance of the application is already running.
[2m2026-05-31T05:48:17.699885Z[0m [31mERROR[0m [2mglazewm[0m[2m:[0m Access is denied. (0x80070005)
[2m2026-06-01T22:51:05.192624Z[0m [31mERROR[0m [2mglazewm[0m[2m:[0m No monitor under cursor.
[2m2026-06-12T00:33:02.484645Z[0m [31mERROR[0m [2mglazewm[0m[2m:[0m Failed to send response: channel closed
[2m2026-06-12T00:33:02.485144Z[0m [31mERROR[0m [2mglazewm[0m[2m:[0m Failed to send response: channel closed
[2m2026-06-12T00:33:02.485309Z[0m [31mERROR[0m [2mglazewm[0m[2m:[0m Failed to send response: channel closed
[2m2026-06-24T07:29:30.462023Z[0m [31mERROR[0m [2mglazewm[0m[2m:[0m Failed to send response: channel closed
[2m2026-06-24T07:29:30.463311Z[0m [31mERROR[0m [2mglazewm[0m[2m:[0m Failed to send response: channel closed
[2m2026-06-24T07:29:30.463518Z[0m [31mERROR[0m [2mglazewm[0m[2m:[0m Failed to send response: channel closed
[2m2026-06-24T07:29:30.463936Z[0m [31mERROR[0m [2mglazewm[0m[2m:[0m Failed to send response: channel closed
[2m2026-06-24T07:29:30.464106Z[0m [31mERROR[0m [2mglazewm[0m[2m:[0m Failed to send response: channel closed
[2m2026-06-24T07:29:30.464364Z[0m [31mERROR[0m [2mglazewm[0m[2m:[0m Failed to send response: channel closed
[2m2026-07-01T06:56:17.402226Z[0m [31mERROR[0m [2mglazewm[0m[2m:[0m Failed to send response: channel closed
[2m2026-07-01T06:56:17.402921Z[0m [31mERROR[0m [2mglazewm[0m[2m:[0m Failed to send response: channel closed
[2m2026-07-01T06:56:17.403118Z[0m [31mERROR[0m [2mglazewm[0m[2m:[0m Failed to send response: channel closed
[2m2026-07-01T06:56:17.410606Z[0m [31mERROR[0m [2mglazewm[0m[2m:[0m Failed to send response: channel closed
[2m2026-07-01T23:51:18.929524Z[0m [31mERROR[0m [2mglazewm[0m[2m:[0m Platform error: Another instance of the application is already running.
[2m2026-07-14T07:11:10.344894Z[0m [31mERROR[0m [2mglazewm[0m[2m:[0m Failed to send response: channel closed
[2m2026-07-14T07:11:10.353144Z[0m [31mERROR[0m [2mglazewm[0m[2m:[0m Failed to send response: channel closed
[2m2026-07-15T07:38:08.375790Z[0m [31mERROR[0m [2mglazewm[0m[2m:[0m Failed to send response: channel closed
[2m2026-07-15T07:38:08.376256Z[0m [31mERROR[0m [2mglazewm[0m[2m:[0m Failed to send response: channel closed
[2m2026-07-15T07:38:08.376990Z[0m [31mERROR[0m [2mglazewm[0m[2m:[0m Failed to send response: channel closed
[2m2026-07-16T01:15:00.731096Z[0m [31mERROR[0m [2mglazewm[0m[2m:[0m Failed to send response: channel closed
[2m2026-07-16T01:15:00.731785Z[0m [31mERROR[0m [2mglazewm[0m[2m:[0m Failed to send response: channel closed
[2m2026-07-21T07:23:42.008600Z[0m [31mERROR[0m [2mglazewm[0m[2m:[0m Platform error: Another instance of the application is already running.
